Sender,Total Burned (MOOJ),Rank
CVUDX7E7XHSLJHQA4KVTSRN3EOGJ7LEEF7NXLUMMQ5L2KR2FN3BHAGYMFY,457582.65692751,1
3P6LY6KCTP52YQ7JBCHHPGYGL75VMTKAK3YNY5ZEAWOP5H2ZHKCDGTL2MA,210687.26012923,2
T3PCT665CK3FWKW5RT3JBKS647DLROD7MAUUOLKS7NCJM2PZ2V2CK3TVAQ,82909.06733906001,3
PHV6Y476Y64WJNJD5RCFGGPMLTZ7FDHYU6SBXRTRYA23OGGNXELKECI5PE,69000.0,4
SML6KNE46TYKAYMYO5YHEYKSFV7DU3KO32RHENQACZGOM7N4OH7RRE4HNQ,67712.64877173,5
Q4OZDP4F5FLHYIVKKCXD6SDBJWHOGNMLLG7LTTNAWX5K6C2BU4F4UPPDXI,66789.08127853,6
TJERHHAVFSOHDSZ4VGKGW23PXHEVEMHGTB3N2XTJ4ENCAKNNPSF7WYGS4E,55179.53532175,7
47VFOYF3AA3WP5HXRM66ZYDSTGWHUUNPB6Q4NF3NMDBFBQCVOA4LCOBI7M,41134.53488237,8
5R6ZTYLDGKHPH54H62EDZ6LQPPPXPKMV5MU3QE44FIAK5NKBN233IJSAOI,31510.60006831,9
RJSWD3TB4LWPANBEVFQTG7VXYXQSFLOLVY4MY6J62HL6UMZPDIYH2XMTZA,30791.876271089997,10
TW4HBSYIXSOW32BYL24QJ7GND4N2XZ7DRUNXNOAQQFMTQ3DXZEE5IWJ4HA,27552.70281548,11
6V4ZMIBOKD5ZAQRBRQU6OGBJGB6ZRXMNVOBYLNZN2LKID4VVQYWO2IJIMY,27290.50758157,12
4EDK476JYBMV2UDIVAY4GHRFOCS4LQXRICXACBALNJVURWALF3TCVQBLVA,27044.2992406,13
KZJHHIKQYZAXVJVSTXJ45XXXIZQTRD6UTCX77FCK34BP22PEC7B7ZZMIQQ,25575.93857612,14
B6U5HPVUMR2G7VV7DF5SRXRXI6M6UDVQVX4I6EV3NEVIBDBOJRBTKXWC5E,22675.214443160003,15
XEWX4E7EMD2WTUK7FNYPUXXGL34G2RWZPYGK5D57BUPKPWEVDS42QXJVGA,19773.20913737,16
3WOWQ5DWHGTETYQV4MOZZSUPQM73YCENTKHVZ43X3OVI5OVYFQOF4GPEGI,19542.63333575,17
BHKDX2SAPSHDSNMVT6CHXFCUN5EQQFT2UMNPWQOVKKIG5RZX5BO6GWZAE4,18529.18025327,18
ANGEL3CMT7TEXSBJR3DCTJTZCQFOF6FJB6PDKU4IOAMTNPXGR7XUYKOU5Y,18443.35990021,19
BVHJC7BNIXZB564D2T3J4HJD7B73CTFOZP5CDJV65QJCIGS24D3HZK353M,17968.51323391,20
FGR54NWYXAHVQIWM63CC22LQLZTHHY2UFKGSPADKBG2VNBFG7G7FVVOA3E,17802.673883080002,21
AZ7ODSEXQOR2AZMD3WQHEN4Y3JZSNDCBA5YBDXV27VOWRBWA4TOWPESIAE,17682.63902857,22
QMUOVXW6DYBMWMPOG4YQR7GRCIE4RFNBRCX5XOBKXZD2Q3GDS677KLZURQ,17438.91910129,23
D3S6VBVPDD2Y2SNYFAT65AL25KUCKMY5IYM7RK3N4LMJIW44G2OWKBRSOI,17405.46018974,24
J3JRGUDHCBG3BZ5IOU4YJM7AWWEAJLGHYG5JRJBDNO7KOJRASDV3Y4EIJE,15836.724097569999,25
G577QD4J327AWJGFK3J5VY7VYGSFQXENJCH7X5ZFNTWHB7QEQW4U6UOT5Q,15522.65148593,26
X5KD3VTDUN3H2FFYJX2NDIGQ2V2SS44XUSYGJWHI4KH6ZOXF44SE7KEXVU,14932.11526228,27
BANRKCSXONWYOYAN5LZBAVMXOEX3VK6UH7WGMYXKTVA5A7OTJWEA5WIYJY,14929.19164436,28
BBIKT7D3EC4BOWGIM74CZJ7Z4FGIAULHO3LZEKI6WJC3FNPKRIZJXQFMAU,14372.38617182,29
C3BAWSWHRBIHSG5ICJJT4CTLQMCVEC5RQQ66AWCVMOUZOXPKWZTM3CATDE,13937.973004790001,30
OPTGBLHKTP7LV2WLD22PSOBCVXBKCBLWVGDHKZ34T4YPK3DOMMCNGGQXLY,13107.538576,31
TINYGRZLXA3SNQ5LF4BCPKVUGPBC6VCVQB2O7KBAP7AXPE2NMX5RSJM5NE,12943.10673055,32
CQIPOTBNFPV75EIHOMD473XJ7YRZJZY7CGRUXPVJJBRNNF2PYUSVV3GOMQ,12780.65651979,33
APJE6HMB3WSCN4P3DTAA3JPUIBRDO4LVVZQW7GKBDAQNTK3ITKU6HZTIZE,12624.59867418,34
WMQF2NKJQK26UGQUNSMUXKXYXQU42LA6YPJG6LRKPYZNOWPBTJ2667FS4M,12090.20179309,35
5URM4YO6WI2MQ66D3XRZXSKOBMEXDCSMBIUW2RVB2LYDPATKNIX4YVJOGY,12087.161459890001,36
5TUHRRH7F5PVVPKMZNKGLNVGSX4K5FT44NMPKDM5S32LHAYAO6G3B2H65A,11975.4480276,37
JI3XSUZ6UN6PDK2TFGLZZTGFTOMXDIJ7MTXSVVSYYY5XEEWZHKBLY5SSOM,10995.79792828,38
3D46Z7FW4LBEBF5XOIJWL5B55OZUQHTPV5SY6JNLWJJ5VFOVVFH6O5QZXI,10966.983845,39
XLPVADBFOI4HSWT7OTPDQVOPDHH6QBT7V6EPFGUXBMWZAM2FR2GLM764CY,10553.7021514,40
H3A7GQA62RWHF2B7M7VOB3WFEZXCTL63J56SFITK7PAJ6OWLCCQYVR6UTI,10525.73999572,41
6NGRKSQREG42AT5I565URF2ZGCOF43UST7LVE7ZGHEGQ6CSEBRXR6US3GU,10098.13758104,42
KZMS5ZTLVSACDEQFUFSTLSTDDC25RO7D6KZ3OAQCPTLXTI22U5GR34OK4I,10039.29331748,43
DROC4QN7EBBAY2EKPPPU6XMU2PWT2QNZKDRRSL4G72S3YAUK66TTAPCSYM,9642.1124796,44
4APQEWNGFU3XAYMRTADJ2WQYQIA74OTJJWCFQD6LEKUD6RDQGL7JG4RBAA,8941.59425484,45
L6WI2NQOTNVIWUFC3INR45VY55VPOLSJLMGYVYS6WIE574UQOJUYK46RP4,8854.43035967,46
KH45RLDMALVWRL53HCOC33B2JAYPUSSKDHCAHH45GXY6AYDRO43ZBAXZBE,8784.9862045,47
G7HZO7YGHDHPJPK7KGDDM2YNXI6PVNGJOYSI65LS3KT3FJZ74SWKTIZZ34,8609.55079289,48
ORPVFHGZK7KRXJVFADWMRTX5AEJTMR3JMB4T6EFNZTLA4ZT2SXLXPDXSYM,8528.96811076,49
OGKQQHTFLIIU5DPHMIUBHVKC7ZSQWYTQHQWZXYJHHLQS66H7IMOZIKXCVE,7800.69416026,50
DLTW6TC4GBL32GXCSVYL5Y6XXRFXDDWIN7C26XJPIBCJ4JX2P2JBSPTJ74,7627.553978880001,51
OPCAO6WKKNVMEJPRA2XXZPV6TBJV7HSJBM7RJ7QFQDPDDD2ICTY6TYDIXY,7134.31267581,52
3MKGFKWH4ZQFACNRVGCRYVGYSMNHAHOFJVXOIU4DFDCR33R4XS5VXJPON4,7110.19014658,53
O7CVCDNAOOESOL3RC55QBTYLMFYKDAYJGNJPIHPVY2XUYEVS6LSIBIKISQ,7080.93435167,54
3LTSM6AQ76NUF2TUYJX2IHIHB7Y77N6SN4JCYO6KSII4CXOENXIYUKOZX4,6735.11252995,55
FG2JVI54DWGRJJBSMJT62ODMBRAWBFQ4MXHQLCCIBVCPV4PZOL7DUPYRSI,6694.23933764,56
Z46KTIIDUTQIEMPCJLQCY6VZ7JC2KIIMJEL4IC4QOOXD2U35QYK3ROOFNA,6437.08824647,57
TITSPUGK4I42UKTKINBBQ624FS45TEPHVUGIV4HQNRYPVW35H4MQXCY6YA,6309.72259361,58
SUMO7XBB456AUMSF5DWY42ZNVANU3JIAPGS6W7RHCHS2C2TOYRLHRXDLWQ,6177.4704413399995,59
TFWSHY5JLWNU4SKHGK33FL3IXF6SZTSKMBO6WWSI726EGRH462BSY4F564,5936.60608295,60
2FL6YRYN3ZS5AAL2PYZU5YWLXLXSHK4KZMVTYWRSPCA2YDWIMQL2CP574Q,5918.6429323,61
YCAPMLQANHERA7Z33UUACC6I5Q5K7WXY4FRDSAZTPQFTQ2RKEAZBXFWIQY,5737.57641748,62
SVSID7CECRWZKBNF7DOTGTFJFXFHJVHD6DV4LEDO57A4CYZARAVMSFGTRA,5736.21791708,63
KXJBRP5BNQ43R46VXMHUZSLZDHB2ODFPNG5NQUL7MENWNLCRFF7C2PADNU,5586.56212499,64
N7Y57N5KAMBNLCMZOOV7NBNXA54MPQPWTB4KVR7XQ43RK2N4K52ASZG7UA,5586.26607085,65
W6ZPLZDT4CT3SANQII53PY6LGZKM7EOR43TO2MBVAMCO7ALWC5VDEIMBGM,5333.6911429,66
JKTHUYSN6OMSYOWA3WZ5LPHARVWJIJWWTH4YJSJ3PJW2MCVCOL45TSEFTU,4984.2717593,67
Y5UEPEGMIGH3FHXA3R62DTRB5BJXZVLB3HKNKARFDSBIJT34IICGB7GOFU,4843.20794579,68
L4RE7FFRU22ZUMDLNYW5LVF6EEBDFPTDZCXPJQE3CMRCXLH2OGX3EJXDCA,4828.53803188,69
4NTTXZ4KEELWIMZHM4KFS4SGPRHSA6XZ5LJ65HFC5FT7BJSM2IWREQYMSA,4350.80475122,70
PLDSS2GQPAA4H6QP5VVMW6QPYCSI4ADNVJHB7B46BU57IWELCPT2ED6G4U,4304.70352912,71
4Q5CP3AKEVRKQF63UZJONXMHUR3L3QYFNTE4ZM2CORCITLQJEL53L75XEM,4202.97954664,72
PTL3W7VCUL6EL7CNWLYUQ7HETO5MP7V3EVVD4SB7BPJY3RYNZK3MSKBWGM,4154.88457972,73
LF6HD4BINVQPM7DW25CRQRGMN2MOUV4HH3BVZF2QQBGVI7T7O4TLCG65U4,4133.08860636,74
EICLK6X6VXZV52T7GIAMQWPTAHBASWZR5R3CUMPXMYQ7OL6ONZUMO2PAIA,3921.4519312,75
CV3QTKTDPZEPH6XEGG535YRYYRB74IYRI4OQOEVZIOVLMBU4MNRLL3EICM,3809.23708486,76
TIH3XPDTKZHSIOSNYIPIKGHZSISQXGXEJCSR5PS2WM4QV2SLC5RNMHGRPE,3807.28593922,77
IV2DVJWX4VSPC3Q5FTH4PCXEC3ION54ZBYTDDHTBBADEC2BS3ZSHFNS75A,3754.5686104,78
FN3YUULWVTCZFR4ONEMCYJMGAOGVZRRQRS2NRTRNNKY4TYSQLLXJYXUXS4,3737.4853226899995,79
IZAU22DQRA6BS4B67QI7RWRZ5GW6N5GRPTIQTPXKJVKBS6SHJVFOFCDQN4,3727.78444321,80
KQCO6GGB2P7BJ6IJZOXIYV7FDYA2ACXPZBFGKQIQWE4C23FCVEHJPTQJD4,3708.62360719,81
FAGHKOKQJYLW6JRWQEIPTRIIODVSBKH7VQ6UA7BRJHPEJHX6AQT5IKW22U,3531.04383781,82
MW762IT4U3MGQ2X6ATTYAKCU2G52N3DIO7U7QPK2WREYKWP7NSAOVGOSQI,3394.7367,83
LN3MK3I4XW7SUXELB66QS4P7TUBON67HLZ67G6YXKIHHZ74MSRRVP27DRU,3324.91797053,84
4EDOVXW2CHDGM4X6VRS74B6S5CEZTMHJOXXTJOZI5BWB3KLJ3AMWJWKY4A,3182.5744314900003,85
MR2MNRB7YHGHVIP43XFRK7IBCHQVZWHDPTHFXWAXB7QCKLZGMJNCZKXSY4,3157.8936,86
TJXU3MFEK4PJHQNNR5XBPRIMCYWU3FCS6GYPAMSUFAJ4YUKVNCL5NYV26M,3152.98181314,87
UYOFGINWBJJDRBG65IVBMM4BQJY75LYFZJJ4BX477T3R6BDZNRS33XFIFE,3047.02193506,88
XN6EFQAT7HGDCYKJBKR7SQ7VPNRK2V6KLAEW7FVQ4PB5D356AC66RJKKE4,3000.0,89
BNA657CVU266UWDUVQ4Y6UZCRR4XNHD64J2CRVNNOGLXF6R5SHF5GI75CI,3000.0,90
7GGSWEHWKJBXIYZ46P5KS5T2OEUM7WBJEFJWOHKKMGQASGNTBE7HGN3GJY,2951.0934326099996,91
LQFIIHPRQCD65HZGNYRFXW7KS37Y2KBQTVBFDZQMXHIPKFLXIT5MLI2IIY,2857.7706136200004,92
JKGHOVTAOIWECOPGM3YIPPN43DFZ7HZ6CD27HSDAURK2ZXYYX5QBE6TA74,2828.21367962,93
RUMCDNALN7NONUJN76A5POB7YVHGW4CX2CSTIUMBKTW7K6TMSS3IYNRGQU,2706.70805669,94
TRJQPUCTAR7DCZGEAOHNSEYKWH2PMQZQE4T2QSW7IL6K56BY5TNGSDMBFE,2651.89893986,95
SWPF2JKYMJQIG5UB3VMXJSS7L3DBRCRPCMJUJ3HWFTVBUZS5R6F7BZVCCA,2603.75719399,96
UFECSLPQ6TKRCZPMBRXZQSEPVBX64VMIP4JNFDIEIBETN3YDAPJF22MABU,2577.38016846,97
5BNHFW2GO44SKDVUWD3EBALNOO52C6RII3LPRPIRX5K6QFGHZ6AI7JAWJQ,2543.70787167,98
U2GR3BKI7FAMOWK3QXT36HMWDJH6YNBU2T7IAVKHHTU65C2FCCG732Y3UE,2502.40577684,99
CMPDPCYEH67CLZSVLYL7QWHFIPRJC5UR5U5JLRI2R5N5IC7M7QY2QZOCYM,2487.14460274,100
KWV2TV6BQR3XNTLRQRN4AUXVSKFOE3QOCESP4EFE4YB4U4JHU6STKEOZCM,2459.54085869,101
4B6W2MRBKYIHU5T5VU44W5FX7GMM6FLSPAQX5FSSFBZLK2TXKBNA6XRKSM,2407.64196614,102
Y2KY5GGUCLLSFSYY6OKDRGGKD7PP3XT2AAD4VJGRTAFBDP4UW5SSYAC3IM,2366.25512971,103
CT3G3H2UEEYWPB6MQB57T4A4TBKGGZHFZJZMRPKK7OY335QNWHBTIGQWSI,2346.18081971,104
446ANPVBHXLAW7JZT3GLVKDSCXXU7STEDNXU7FTEHXX2QM3NGXROR7BXUM,2291.03377673,105
CTOUG43DMP422KY3NM72YJFWQWNYNBRQM6YYIHFZRAND32HJB46KBMCKCA,2262.84147218,106
3G3SDZ27Y7QYW7QIKHGITXI2BQNHIPLZNGL32DDJEAGOO5ULXLQHKQ4THQ,2260.15741936,107
MDN4SGIIUPOUOA4ZRAZJCNTWET2KBMAMCVPBNKM4D6DZMWOTTI5CUGNF3A,2221.87160882,108
NZLY2HYKCWRIAL37FPWJC3S6YR66JQ4CTXWUFDE3ZLNZP3DGG255QTMYSY,2220.06215206,109
PZIF5XD3MZ5EHSW3UG6QVQJTIVPGRRICXHTVL44HMN7PJU4SJQ3ZVTRLVE,2067.32241267,110
YXCP2UGNNQR3AUB565GWRWZRDYL2G3CKO5JMFESAKJBPWVC4CO6VBNWZ24,2062.68904447,111
FCJ7OR5NB4RMQKBPGSYWTBVZGRUDJCWVPCNRQNDSJJAEZ675AIT56J4IAE,2051.8802672499996,112
DYHZEHLHFBS3HTDGQDU52D2YYDQS53SFHM75XUT5YJRGZWHMH6USPNLVXY,1985.74492988,113
T3IV3GNX4CHUCHHPJUUPOXQF6VQTWV4NRYOWYE44SL2NS7CIHCZUCQDCKQ,1957.83316716,114
2HYTI5GAB3WAJL5MZKQYUHZHYQJBEUD54OQNFZNBCPZXFPVDZOSCGUNORU,1939.76974631,115
H347XTSPJTQNTM6M6XONN4ZD4IYUB2FONGKOOR46MIB5CW3JNXASYISYUA,1842.08871608,116
C53OAJY2IDTJOFJBMSIBD3K4OSZZOBYF4DSFG7QS5NAOULUKGSKHTDBHMI,1836.61974048,117
5DAFC2DIRG7VMIIBXALIB3ZLJOKVGGXMK3DVJUBW3JPV4XRTJVJHXG72QY,1818.2332661,118
E2QEHMWM6TCRRZWWZAFE5DFFEL4GFV7GY66UOGU7NGCJ22EBWUQD4J6BM4,1815.59779559,119
M4COIRPZBUANCJLUT7RSK45QOVFG6ST5XS3HSBBXDNDAWP5LWRKKA2ALOQ,1793.28340412,120
3MC6VGIXROWYK3LGVH7WIHK54Q63GZMTRTO46YWQCQPJQLXMHNQGNXW4PQ,1763.63128265,121
PMIIQZDK6MXY67BYVA5QIGOKN7U3SBSLKBA5QTFSBLUDYNPDZAM54HTJXA,1735.10588128,122
RSOIT3SRNPVWWAXJXAOXPHH6CWZUQRPFD5RYWURASKHMO2VCL4VHJAFHTI,1729.418004,123
TUZLFQD5BVBWL3SQERHHWDQR6YK3NNFDVE5MJF5YF3T6LHK55DUTOTSDKU,1710.32898833,124
26UKDK5GFAXIMWBM6S7ITFOSBY7WUN5IT5Z25I5FWBGMLDN7DSUKEXRPZE,1662.13583091,125
VWHNXKAJKZT63AC6IXP2QVBWVJI6RJYL6V22EMBU7TS7HUMOM2BS7TLNNY,1654.61153252,126
ENDMA42DULKPZC7RMWQOOV22NPTRGTPJ5HPVFO4XYEJ6L7ULA3JJT7BUHE,1640.2264658,127
6NG6XFPCQGXMSLN72Z35OR62YPOSVYFARKPHAVTVAYAI5DA42ELGQEEIIQ,1639.06442308,128
KTX3REYLMZUCI6HUA74JHBUUWF6LYYPTNHV363NBMBL4LY4RAIIYMGGB7A,1633.9274539,129
LHV6BEXKFUEW4CDPMEBYXELB5IASP6CHPWMSMAP5V2V4N6CWMGK642QLI4,1595.62376262,130
XELNSOELVRTDYCZ7UYXW75XNQRHN7B3LKAUGEX4UEZZ4BJZ7QCD3UJVPZ4,1594.0611978,131
55KEPEFMAFCI23CFNVAX2ITROJR5FOT5HKQWOLVWQZ5LUVDWREHQONFA3U,1549.57647148,132
7UKXA5O6W4PUZWPHPODRJKS7PEMF4Z2ZJZYCBQZY5J4PCC7WUGM4KUJ45I,1515.89650953,133
HS2YUNZNWS4S6YJUEZTHYLBTVOZ6YBBPXMIEF3PQOCSH5DPMUD24O677BQ,1503.08123422,134
ZOSCWWQ6FVQIHOOPSTUSQL3ZQ2OIPUY2R6TXIRX6MVSMVJANK4LVISEJUA,1499.9861999,135
BV62FQCMRPLR5FVO47L4Y2CDHNT36A3HBOSKSJ5KNX6OENMMGYWWOU463M,1480.79943643,136
6S5ZHYE44X4DEU5C2XSCOSQYAF6SMZ5ISLDRIY76BLQTBYNFOMINVGQDEU,1453.02401982,137
U3ODSZY42ICDG2EQ2S5EPF2H25GVLKBEZZ2AZDSG3XBI6N76Y2IDYMKWWQ,1444.14043793,138
WNABJOF3KHRWFJJE3OF4WJMO5FX2LOWSPHRTECNQDBOBDHVNMVEYK3YFWI,1394.75651017,139
4A77E5FTJCBCND3V3UCBORUHETRHPLRA7THM2J5JNZK4AXPGRWAKZHWJ6Q,1388.5832727499999,140
ROLQIJEQ7K26WGKGU3YAI6CYC3HOOIE733JZX7C3RQKHTQKSLN66VZIY7U,1378.29068802,141
6ECVIWS73ZQ5ZGF77CDYBW6E7E7VS7PLNTYB3IBVLKX7MH34BUN67VQFTU,1353.11588894,142
FHFGFGERS4RE6FEWV4P4BILBBSK3WNPPPIJAINKBZ2J5RXZEBZT3YL6T7Y,1327.42335283,143
4QUG5LE5DI7ENE6EWY235CE6TDYZN3BA6T7ICEQNBHMSBXI3RBCPDMSJJQ,1297.12557198,144
MRBVYBCNG72CYXAZGIQ2JRNJDG7LQMOE22T3CGOEV5QTIT5B5UOY4OO7II,1293.15348507,145
DO3E2I3Y7RNVP36TZJWIYNM5CCAMISDIWAGPYVXCJK4XRERZTJXIANC24M,1263.28600774,146
H3UWTAP6SKYZIXV5L372ZJG4CZTYQGN7B6H7FWQS2PPHXIHIQ45CT24WOQ,1262.50511103,147
ZIPCVWBW7LYS6N6RA6NCDYCXSNORXWPTAONQM6UCUWSM2L2OPKNLDEEHS4,1234.84463358,148
EJIMPWLQRC2X5Y4VNASTPYTTD565NYAFWGBX6VZUZ4N2C7L4COF4O5HSHI,1214.92953607,149
OSWPI7N5VMAKLKM2MMUGO4Z75FNTFIWUM27QTAUSNT3LQ4B23V6DBKSRZM,1189.90855671,150
6UE6PHOA6234L5HTVRMJGN7TKLGCTVLLFTI5DMWUUHJ6OZFGPXFE7QQENU,1186.37111075,151
XNBHMFGZ4V7PC2GVXQ75KMCCIYPG3NOTAAKGJXMAVYCHQPHYCCWAKEMWJM,1125.63367005,152
SXROMKG34ITNSGXHZRS7GBO2W4WPL32I7FPV2367ICWSY74U22OGBQTS5E,1113.157494,153
ZG22OWUDL26HK3UKD72YNWBVOY7PWLRW2FMJDVDVCKY5DYSFNUXRNGVYPM,1089.39611797,154
DLMN376QTQ5FUN5AX7ALJTLGHPJTQZCMPKNNBBTVNXU67HO53Y4BHBS5WA,1080.82855827,155
VCIEP32CJC2XEIVIYNBBK7344DI525WSPLSPWVY5C2NE42J7B6L2P57XSE,1080.82855827,156
GAA7OD3TRKEDSGYBPR2CCK3C6AKAK7AX62NTD3WWSJRYFLPOQQP3YJNVO4,1080.82855827,157
EO7WKLIAPBBRP35PMIWSVFCUWXZRMAK4WNB3OD3SDKTHC3FOF2PXLFWTAQ,1080.82855827,158
XPHXJHE4UMZQGJQWH7BIKE3Z3LAKABCVJJO4Z3RUQTBVK3N5FWLHO4IRBM,1080.82855827,159
AX4M57FNSPO5FGDBONZXQDZBXNQ5MFZKDUPVJQ7T7P73ZTZEFU6YUGOF2M,1059.10829771,160
C4KRNVG6JXZ6MSF5VJ5IBEJUP4CYPCJD4KAQ3O3ZGEWXAABMMWVC5WSG3Y,1053.94855827,161
VJ5JVGGEXA6QEIOXNGCGZROJU3WIMJWCRSSUY5FJERMFKANTOMJ3U6AUY4,1040.8635623,162
375D574LXR66EPWFYXZFCUMNMA22ERH2QAX6AQGJZIYMK7QRV77JSRY3E4,1022.59718031,163
BP3GC77NISB6BOAMVKBW2K2BCEWUPQ2A6L7BERN6NNCR65L4VVTHY22C7Q,1017.37938232,164
UA6UOVLBBS52XY54P5CBLATJJJL65W4B7HDLLVU5FWBDEI4VVS4KSHHV4Q,1013.096147,165
BH74AOZE4KJ47GRDB4CR6JEVOE6OKBKY52BXMI4PB2JPNBKMV2NW7SPULU,1010.08901957,166
C3P2XWQSWUFMIUF7OVO7OKFRPUKYDHHB6H5JYVG2NHHKT5WHYACFJUXPIY,1007.1246676200001,167
ZHQYNTY66ATPOU7XFD7I6MG64QMTG3OJQTCRZFQ77H4OQTK4ISPGMYEDHA,996.90472758,168
SA4SWOQGVX26557OGEIPMLWADC64H56UP4Z75LBVC4IYY4UPAT2G6JR4SM,978.38154484,169
ZXQ5IABVVSJUILXU7WJ6YNWNJELPS2KX2L4EEJEUENRCQEYDXTEKPJ47FM,959.64136996,170
BSDJPFM2W3KQGE27WTCEBJAQ2ZQJHMCNKOTCS7WDWH6WRLMRPD7BNFHPQI,955.68845217,171
OLMKJNHF46CPGH4UNXEF3RCFOICHQJHFUFXR7VSTUHKARTUGL3S5KOT5SY,948.54577996,172
QD3PKJV7NWXMOYXTKOSR7GLAIMB6BJKYKSDCZWX57OOILE6DBFU46EFPLQ,945.95601816,173
OIFNFB6NAKW3K5JF7ONVKIY27Y4UVGSWBTMCEB6ODNCWEZ6HAKXBTZA7PE,941.09301849,174
Y54P3N2HGA2KI3MU77BOJ7DY6FDOAAF5DNWGCDZLNLVHIBPJIJV5ALO5ZM,917.38782763,175
F4CQTCVOF3YLIQQVIYY5SQ76IU6HOSXVSF2OTLIIKM6UML64Z2XORENTLU,893.48105949,176
MHEJR4YGPB2LXQWS4FTME2XIQZ3UFQCSLYISYLNVLT74CHT57U52NK472I,890.26164033,177
MOOJJHAZXWOLT5T3NCHAHTWWLJFE5HX7ZY5HYLFFYBVEISRDQQA4XF75WY,884.15107368,178
UOW4JNODRR26UGRLJUC7JBGUAQ4DQDZKA2X6WGDPVU5K3Z67J72XM6OVZA,880.7325901600001,179
TIGER4VK5MHK2TIE2DLV5LQSJLZQROKY4H5VC3HXNTMDOPPMSPKKS4TK44,879.92325232,180
B3FAPQSMRVCACZ54VUY25JOKNLSHTHB2Q2GOVDYNOC46ZRQ56GLVTMMIUA,870.9650599700001,181
34AQYB7W2VDTTAJJBYLRODQGGTYOF3RK435FCVXKKES7KPL4HYNSMZOP2E,852.62254425,182
CYAJXRCQ3OH2WTDCI4334YGTXHQV5XTBRSJYSICARYVUK55TR5GLA7R3YA,851.55051738,183
2FSBJPPM576UPPJLLH4OW6GNAJS6NQB4C5NS56FNSNJ3AG5WDW3VD42G3I,832.23091125,184
XNFU6S6CMATD7DDADAMEWTLGHWKRHA5VE2SD5KJGMNM44BE5LL5O3BFKD4,811.34974811,185
JQKNMSSWJWZWG2WQG64PSSGCAJKZDA6WT7VGDPG6LQRJ2YVAXXMOKX3GAQ,800.2763110899999,186
KCH3TANAI67WREN7EWJSQV56LC6YSIZHQNTT7BFSNVXAI5IRX6QSL6UMJQ,787.54645289,187
YMWDZZA6K7EYTQ5OA43Z3OEHU2UCGCTP4A5ZH7SDNDX7ZGC222O5XATRQI,756.34849883,188
X7BSVM457TXVCTA4YJVTNPIUBHIYTXDN6GOBQGDVH2ELWT35ADJNJ3MO5M,754.36007619,189
J75B54T4465CMMFCZ6GZX2CYI77IKBBA7ECWK7KHPEGT23K362ELCTNNAU,753.947097,190
GSAQU2UNECTNKKMQFUJIXUD7RY3TOVNEMVQXRDZFLXAVIP3QQWIC434HBY,753.947097,191
ZNX42LDFCRDCBGHS57JSDEBMGH5XJC5T6Z5WDV7T3EJEX54JHKBCC4OA7Q,753.947097,192
FNH5TSN6MGIW7JAECV275AF65OOH3SI3ETV6HH7QYGUEHKM3MZ2DL2UEFM,753.947097,193
ZAJUGOPY44M4IABUX5FJDO4L3HS4FEINPWIWGPDX7QNN6HCTCOAXAIN7PE,753.947097,194
ZWBHDJRWFONYWFNFG2AYWGWGMS4VFEW2CFUAURC3IIP757JFYU44QWVVKQ,753.947097,195
CSQC372IWRYDBLINHJ6BZOT6DPTKIQUOYZFWS23GGURYJXIHYTOAU6S2BA,753.947097,196
ZWSTKPC6OQOZPCPZ6NWQZGJMJYJGMRSGKU52X747H5LYS44J2BM7ES5OJU,753.947097,197
H7PMG7VDWMQHVDORQKEEQT47QNQCMCHKKKDSP7HRHW62VW6EFBFYC2JUN4,753.947097,198
ETWP6PASTBI6MGJKLGZCOSWZFCMTE7GTCW77CZG72YTP6Q4HTN3APUBWGI,753.947097,199
IKR24JY2EPVFAIUZERM4IKEGPOLNQIW62ATDSAOX5IZLUFOBLUMEZIANKU,753.947097,200
5AMW6HBNYF5DBEGYU2YFV5K6ND6EIXNH6F4TK3SZCDKAZZARQRTOAFBLIQ,753.947097,201
AUFHIVILSOWZKLCVRJAXYTWODUGL47BCOP6SYCDSGSE7BH4GKPDK4SHGCY,753.947097,202
QF5MOVPAIWRHTLZPRMQNXFAXJLVBA5E5FNECK7MZGBPVWYTSCTPRX6UWRM,753.947097,203
BRZ642Q42L7QSPWYIRSH6LYOP23WH7MEMO5LWK36A6OAI53S6HDHCA4OF4,753.947097,204
7XF3GHLTFK6MQA2EVBOKL2HMVMHXDLX7WNXNKRPLM24EJJ4WMW2HXOZ4J4,753.947097,205
QGW42VHNZDAQ6T2EN2DRRCI4I6XCHVQLIPCKHYHHBXGIXTURVCDEAD4N5A,753.947097,206
QIXNIKDRVF5LTTZT2LMBAHFLI5VFESKVYASAJZJNFDGAKCS7IK2R57LEBU,753.947097,207
7VQ6BCC6U4BSHLZ7KLFAIWPT2AI6GU2NTH46US64MB4ZY32YEULF6F4E7E,753.947097,208
44ZOEWEOHEXNHB6KGGSFLJCNHOC7L535D5C44RSVNC4USAAXTXFUVFB2UU,753.947097,209
RPDKO5HMCBI3MIL36KXRAAIFFMT33J5FJKGONKO7JTJWS46V2RYU5VNYNM,753.947097,210
7GEOCE7EZKG3S2HIOAVC4W4UJPQ5JTXZ6R5EMN2XZRDK4VNCGKOQWNHOQA,753.947097,211
RXEEXNCDSKVZJC5EXXAHJVVMKIQMAV4AK2H32JBTLJODIS5PYLBM7E5FKY,753.947097,212
XKSTVNAFVNRWPSN7AUHQ6VPDFL5OS2POMBQBHYCT442RWN6R7TQ7THPNPI,753.947097,213
3PGYJ7AK5EDW7NKKHIQF5QDGFUYGNNAUUASCYYEUA4WDFAX6PHPQMC7SXE,753.947097,214
3LJK6Z4NBRQHJSUO4V6EMTI7CYQSDXVMJJCRM2XJ6PZGPTGEFK73J4XAKI,753.947097,215
AUA2NI7YSGYDLOEDIKQ7KQMN7L634SPR2CFEOGTXEJ3LKSSSTAOVAB3JFQ,753.947097,216
A2KGCG7TKWIICI5X6M2OFCEDYCLR4OWT7DVNFZLMYFONPNE33YI7CWSENA,753.947097,217
5Q4RA3FF7ED3OALQ2GVMFOXAYLMWJQTP5JEU23TWUD3J27PYVPEPU4F4UU,753.947097,218
5NZGSF2QWPOOS7BWMCJ34GBN5A3Q2U2ATBPF6XJQFFHLQTJLVDPUTT2PW4,753.947097,219
VXIMNJ777OU6UO5JZCZPSBHLLWMSXIFQ3CZJ3QGJS4OBHLCLRFYSLI55CU,753.947097,220
TRGFI5WXAG7IVGRH5SAF767E6RWKPXUSOPYWRJJIIZIOFXDNWW6HKWHONU,753.947097,221
ULOQKSMQMM2BA2Y6RYJVCTTOV6ISLEVYQY6MXWMTUUCKNTXKRORWOZQRJU,753.947097,222
MMMDCK5ECKUHIHV3YNKNLDKZO4E6ROU6K7EA52C2G647QDURSDJM2CBUJ4,753.947097,223
B7EBOAUOILBM4GXBDC7GJFHJWDARS6G2GLR5VID4INOXRKL4TO333Q3KZE,753.947097,224
TZ4EQJVFMY7ZYRMJ5MT23LWE7MOMD4U3K45QJ7I5LY5AZYT2SOVLBYLKEE,753.947097,225
6HREIILIOYGGQ5ZQJV7YB4YXZRLJKOZEITT7SWUZAQWNFZBWJBICYN6KAA,753.947097,226
LCORKCA4XMQBK5OMR2R6KGPRS4NJECJY7VDKLVOMZIHWSVRHT2MSEMQ6NU,753.947097,227
5O6EFTZWQN2WISBUK77RBJIEWZBDJS3WSPQVU3OTG6LDAQJGN3RRTDJPRU,753.947097,228
UDDF7GDABD272Z3I3VFYISF3C6AIQHL64XSEP364IYCAINR3A5JE4LTJZM,753.947097,229
OHEZGVACH67GOIZ6ALDKA7HGNT2FOIJMJ2JTN3ECVCXJ6MUVKC6FFVV2YQ,749.16298373,230
XFCZEMYFV2KZ3SY4QEF4JMCT6XJKVAU2QHQYTP4PA7STUOJD53IIXTX6ZM,741.32571779,231
LY37UBDSJUXZ3SXMVAICFLCDIKVO6GZO4UXFVITND4ZXTO2SFUVNUEHPME,740.5897524,232
ANDYP2FHLKDSVNRGOA73COG5XGARURO4MLNR6NMFOUEAYTOL6D4NPAP36Q,729.49890661,233
2AMWTL73I2HLM4WABRLT6GQEOM5SRBVV65RDFFQ6HBS37NRP2NDYI6ZZ6A,727.2771334700001,234
UEWQBS2RIHZ4TTU4HFX556MHMEXHCBXKVMSFZMJHFDZVDXUK3GSVDBJ5VE,706.98353978,235
IFWXPEI3KAP6EAF66FJ57JJALSW5EHQ3PELMPP7NUNWYAWYKYZB3J6H3VQ,703.5864164,236
3ETFMB4TOEYEEJL3RYKLZAH6PJRPIJLKGJWJWEW5WNNJVD3Z4YB3ENP5LU,698.65913203,237
2J7CB44FIMXTRF5MSZ4RAHHBCNJX7PA2KF5L25CKOKWTEDLUDP4XBOZCAA,697.51800493,238
2MAGGJFPH5KQKM24DQKXCVRB5VECBLLASDSGKTSUWO5RTKYBP63P7XYEVA,695.19052329,239
KXYXZG66RG6C2FKQJ3ILO4EKZ7HVXS56TNTF5AAICTYQUVC3ENSSAHQ5HM,690.4409862299999,240
CQJ5PR6FYNMA75GFYILFPPMOIMMKEU4TPVRS2SWINOYKQQON267NDDOKM4,687.53168549,241
6QXYUNHETLLLJDNBUD4AFBZAGSAZ3WDNG3S73SXRYKXMXOBY3IDJ5M5IQQ,666.0787312,242
6JGWGCUYA3QSJEBWZCOBITTEGGFRIEKF3V32GTKYCP4OEZRII4NDNIWKI4,662.77345827,243
P6Q3MSXBNALVDUASQ7ZT6TSH7K22P77OTOPYQVARHWH2CLZ4NBGKIKCXT4,660.42701692,244
FNTVURLGNYXOSFJOOJCXVTIK74BGD3WX5LTWGKQK56YGXPEGVSI5BFUYDI,648.48137637,245
34JSKQLRKAWLHFKRURQIMHPYFZIBJRIVLVT4AMBDN6GKIGLPF3PNP3D44I,642.26290856,246
4I67CJLU23MZWAWFXNZI2WWJ74EDRJU7J2MP2LX45HNIW7ZADGUBRVWFDE,632.76868267,247
3CB65CM65MJQ44RVHVSHCVD5HIVB75SQRSSMMBWHCILW56RBEMIYDWZ4KI,608.00113494,248
F4JDH3B3I6UOXTOIQZXNTHPVFJXMHSWOYEU7YHD6PMP6B6YD5O32IJNDC4,601.44903078,249
XHA3W3LPSGFY2KIHGKR4J7532XADRHSYVTWWT4TYQXASFOFHEORQ55CMRM,598.8063306500001,250
CHMID23RRSURI652DYONWHXIV7EPYLUARXT57X45YGE3WZC7EAOYJNFZHY,594.5886402,251
JQLP3AVMORGZRVGBADP6SHFBPPOI34CNLS3QLNTGZIULNVWRHLC3BUNEME,593.64799908,252
BHVH35ZEDLY2MDU43SUSQ4SOXTZMKJHEXGZ5RKDQ45HVZNGY2MJP4PVVXE,577.10857184,253
YRK5Z6GTWXDQXKDAEZ5QWB2FRTAVC5NSKEETNAHHR3GZV2UKGCL6HECN7M,575.53756059,254
VVGEQ772E6YIKBD6TGBGOYGFRHQ7NDWRGDQU2FQDEBFXVCS5EAHFG5TZBA,575.05769396,255
MMMMMCLFAYDWNWTGTGZW4LYW54NOXCICYR75CEB2EKOYVW3KZCTZGY7QZA,566.4593186,256
ZQN4FJKNKAFMKPPIUTYAL3C3WWJGLUJ7ERTDGK46LURHBIE4O5VMI2UVDI,558.0312735599999,257
ORK7PUEICN5B5FBFPA5P6DBYNTH3DKE2M5236UDJDMFEDAMKONRW245NAU,544.7367,258
BGF75UQPY2YR6KSBHZMZSPPLV5ZSFBRIO6ME3CSWKJBULLTPRZJLVVAPBA,526.43729909,259
XK4YIH3GGA4YEYICOF2GSCWKC6TMJ3Q4Z5YY4NQHKUNMRRYRSAYEMUPML4,525.68843596,260
SBBSRO3AXBEA6T7WAXWKWJPMVRJZIBIRIWE4OUJD3CI564WTRHQCKFFBRM,525.3994819,261
V54H3GDGF2SZCTDZX3GF4LOYBHZ222IJKQBDMNB5KJJPDPUIGIJ5DLLA5E,523.28024063,262
MTPZTKMB2BGHDFPQ4GKPPQFA4AULODDKQ4DOWMQBYI3CPPSDE5LVEJ46ZU,506.62835403,263
53O5CYCOLYETGTGY63AO2W6DPOAO5LJ7W75JX7FFD2RPKFG2LSKQFY7JNU,506.18651263000004,264
EDIH6FXRV23RKTXVAKRTUF4LSTW4BF22B4QK67VOCBFOY6GWNVTB6BSG7I,489.93863487,265
LSHN4IHYUAQOD56ERUXFF2TNWSYSDG6JB3SLSSSUHR3RESJIF2KQQCO3HQ,486.89187389,266
PALGA7BCRT5OWSGVKHDYY2HP335EB3LL6I7PBUHN2AIS24YF5QN7UQBWBM,484.53929925,267
THPDFC6DUFADGPOVHVOZNOVI2MQ3I6C3TLLLJJT7LPAV56ML6BIHWEL67A,484.53929925,268
227T2YK4YZAO4BDVSTEIWD6XJZRS2IZ6XLIMOKIAH52IN2Q57WCF6UZDGY,483.28087489,269
PGQ64LY3REOHWFJFHKY6OFD5MJ6SF6QHQKG25XJUBHKAJIJKCFUQLQKMU4,483.06022941,270
FB4PVVLFYNGDTZ2AWEZDNWLZLEY5UIBLXTWAR3LGALQGGQZ7DPMQGXXYTQ,481.63965643,271
ODIRBG4QLJH6O7W5TWKM5EDMPQ7VEZRPYAIOGIZNZHN3GU5FPICVBO6YEM,480.12741387,272
O5E3VG76J4IMRVHVEN6T5I7KXIJLRRFM4P264PZVPEQWHRZ2G6VEIHUMKI,479.33455648,273
D5J4YO6H52NBAXDAPCV5PSFIBVIM7QWN6ABCR7YQCLWH7I4M33SURVWBYM,476.39122082,274
UNSJVIZBYIMAOWREWE4EU4OJAT7JVITCPTOFKJ2WUPSFAGDC5E47VRU7GI,475.94810081,275
XOD3SGSO3ZB4FNIR2RNO5BWSTTH47LYA2LEYMQJZAB63I56IXGJYIZCFDY,471.49143147,276
NQGE4SB4CSPSXM7KBJAMMCNWXO52BVQVN2LKQYKV2PHNACQI2SUSFPDROA,466.42300448,277
NSJFFB4DKHXP4EGFF4DHBJBV5Z2SCG2PUQQ7NFYX57S7CHZBZJTXCQCHRA,457.01246158,278
ZFVDL5KBLMPRZTADAFIUKN3ZF5RNHVNAE55EPBM3H33V3YZZDEWJCI4TGY,453.947097,279
JRH6FLBAPFFJ7PAKPQ2J4LJCJNKXPF3LBITJHAYZ62KHCPWUMA4GITAKWM,449.34492808,280
BK2UN2J4FYOPGEITDEGZLDKMQLHAOAJNIUFFSJI2FKPTGTJOYKYAGKC6LQ,448.34588582,281
FISHERMANBPAHXQJEBJNIMMTBVNCOTXG6TUHYXQNE64FEJRVDTO3E3A43E,447.68901355,282
C5EW5HZRVW2EPXQ75OKTYZADLWLB7CS7A5RAEZWOZ66CQ3ROOTJIN6OF54,445.26444307,283
IOSRRR4QALXAWYLCHO32TJDXHOD2PKGUSTK7WQGODKDPQYAFPOUAYGSXZQ,440.23483833,284
6FRYYNYGPXJFP5A43ZSR54L4I2HP4GOQ5VDRUZBIOATREFOMLUUF76OJEE,436.62489686,285
QL6WANOUE2TN3D5M6DYYNRJCKFPT6O25O73ZOYNGSJVY7YBSYDU23TNAOY,435.10501675,286
GBQALMSVUGDBUUFSOABFMREPBTLIODUN4OHV7ECUFCEVJMILM4OOEO63UE,434.83106081,287
NAGWU2ULCNPDVSBQ6U3EUNEXTNBBE4BMVKEICOVFDK3TJI7ZHITYUSNOVQ,424.73670675,288
PSKLOJRQZ6QO22SM4AU6AGXQLCCAGFTFISQFGJMLT6Y4NNWI2FG2IFASK4,421.00808022,289
O7PB42GGKUG6YQUEQLBUSZOU57YUZHIYMCCIUCEMN7ZUBIVFJ7YYBTAXZA,420.70393765,290
H7VUO2E3F74L3FR4DP4AO4OC3GDZ3CD7DY6Z56UMKJVTIE7HUNPFVZMJ2I,420.2366826,291
QKXN6EKP6N5MCQBBUJTAKMPPO4RLHODQKCHOGVNVFZEHJ2RLAGQQKUGTYM,420.23408333,292
RQOD6GPLOAH2W5ONGBKASKTXZ3SRBKPV2ADMDKJ5RTZBLT5ZSNTOPLCOF4,416.38064754,293
B2E7QZZFJUBXII2R5HXSZ642H6JCXRFILDS3Z67YJYHEK3BBR66OKQNQIM,411.98466054,294
ADPL7GYKWY6D62JW6JFJRQCUILVP3UOUPZVMRELUST2RGDT2PLEWOEQXRA,410.77863691,295
57CNHUPW2XOSQJQPUWNHYK5C6AE7U6Q777MEZPK65LMFDBJM6U6Z4CQSMA,409.75799962,296
AT44H23KIYYAGD7KKOH7QA5I2XDN5O7YPD5IS7H5727PK65J7L5D3LL57U,402.57446251,297
6HYI3J5FD5FYD5QT4BAD5OPG26NGLXDLQREPCT3FOZ2DCZOL74ITOQT7YQ,401.68473444,298
JDNJPG6HH45M436HJGZJG3KQJ5N6K5A3DGRXSIIGH7CDLSBSOOSOTKW47M,401.6446632,299
XUO6MYV6AXA2PVVOWJFZYD7E336TS3PDI6GUTBHWI4UCXRLAPA2D64RM2Y,397.57074168,300
5YXCGZTG7UAJBHZ7LU3LRME4APWPNG6MEAKAGOJWKBMS7Y45LANSDDKQIU,397.57074168,301
NXI72KIQLP5VJNVYIQVWUKZA6JID3AJ6EA3SR5PKLKHJUTRSAKJQ7UEVQY,397.57074168,302
GXSDJUSFQYPZBP2V6XPL3EJS4B2XJZ5CYRA4NJXWG5OAJ4MRP55TAJ7B6A,397.37791589,303
2JGW4J25XW6LUHMMJDRYR75NWLJTWRPKAVYLPIFMIYRAAWQ2T4VQSDP4GA,397.37791589,304
FUY3QJ5DHNHP6XY4I6C4C5RB3NEXP7B7KWDDJGJTWKH7PJ44TE25LQBP2Q,397.37791589,305
5O7RIDDI2A6VKPO4XTGVP4LXGP2YCGYOIKM5GP2RNEQUIOVE2LTY4E6NXQ,397.37791589,306
NUMCRJZYZLPYTCT5M4W26GIDO2KK57DFG6AQ3VXOPM6VCYUEWJD3OZWAVM,397.37791589,307
W26MWQNNASKVSAGRU6A3R2UUYNUUREGHCKHXGIXHXIFPR3DOPTIAB7YEAY,397.37791589,308
MUTTEBAPLPZVDEVMORSTBXVTZVXVUZSZPXSBUIGK7RI2W3CDJKMFJSRFVM,397.37791589,309
CFT7GTJ6AEDVK4R7AMN7TSQ2A5RHMWXTKPAPFOKYVFO7ZCG6AV2MMIS4HU,397.37791589,310
S7CLBLZ46MSRIAXUH7JTLA6MD7KC7OJR7IQZVJ5JNWTKJT5FHNOZZONKY4,397.16964757,311
MAANY6264PXIPMAP5K4CROXQMTI6AMNIB4HO3H4P2TBZCEWN2QVZMG7OF4,397.16964757,312
QBTFDWQZW33GPZHCFO4DCQTQXKXVTJDCGN7YG27VF2V4RHREZUAJHBDKOA,397.16964757,313
RTMB4LGB4K2KV5ISKD5PTQYWK2ZGQBHWA5QEH7RUJ5H6BSUCIC6IOE2IVA,397.16964757,314
B3CLVBL74XSXEOJPPRLXE4XTFIVW6HWNCCIQ6WLZ53VTRL6GPP36AFDWCA,397.16964757,315
35MGMKSWDEWONHMG4FM6RADSAQDPUIJBYQO475H72IKEQF3D5PPGML2IHI,397.16964757,316
MNCIYGGKK3R3FQWFTWWW4DFPXOQF3JJ43PCZ3D5BSLVNRSNF5HRCWSQ6UQ,397.16964757,317
Q36YNVCADV43B3UDRUGALABQFPHZSZL5UYA36BEYUXECSHSNMT32P23IOE,397.16964757,318
V5XFDPKHEQCDHTZLVOOVGUUQ7BYJKNZQCRHNAENRCJGJHWLEYYSOIQYFMQ,397.00382782,319
IUK7EFAOH3LHGKMZ4Z6MZFJWYNDPNPTGEAQPDID7TMZYYJJVFX6F3MOWMA,396.96927709,320
TXIQS2UEKN3N7MDRMVCZ27BBVLXZZCTEWTCLQPCHQC6I2ODUBO6FW4AKV4,396.79575556,321
LNOSQ7JPUVB7YW6XGCNSEJVSCY2EDEFFUEL5RLHUFPDIMSGMVBULRDLSRA,396.68331101,322
7Q5N5MULWXNPXFID4JUCBNGD7FCRBKB6B6IGS6ZRDZP5K66RSWGELHQL5Q,396.68331101,323
6DSZMTCEMZ4VJAX5AE5FCLKLNDDBNBPUYQLLEYM5KJMB67NLN4XQUNNLPU,396.68331101,324
CYMWP4Y47657XGTPLQCU4AQXJGKQ2D62HS4BKZK3CVNEVD6M5QXUVEWDXI,396.68331101,325
OAKS3AM2YHNKBMEB2MONJYIAYF2RQ6HVT4XUF4RT45ZFV6B7OYL5NXZGKI,396.68331101,326
CDH5WNH5XCGPK77LCNMUNO3CCPJ4PZAB2CXW6XZ3K2YLMOHOB3VENZYIWQ,396.68331101,327
LVW4EN4F4FZJ2THOHQHNLVB4IOGUEVSR3K3MZUKGJ3H2Q5YMYCB435H5G4,396.68331101,328
HAJZGU26VM4KRUFY4WU7SZHC54I2RXZVQVBAPVOLE2R34TRRR56EWW2PTM,396.36711496,329
A7VNRQTXHPYLVEY4T4KBMQ24SGJUCWLOATW2WTYJZKT3MGMQWDFSJJ4NDU,396.36711496,330
IXQGT473ES3J4SLXFC5GHWJKPYCWPMWSX7EJHICZE4BN6DC3HLKH6DSY74,396.36711496,331
WRXIYZK7GONJLNCMX76C6XCK72DTY5FBSTAFU5LT46DWSTAND7YWA2JCB4,395.99397845,332
FZXVWRG4PKYEWHPN2ALJVPM23NRDNYXYTJZ2OXKWB35L35FP24WWHZUIWI,395.99397845,333
6P4S4ENCNC5OANYIZJPHTZ5PLWBDR3N53HH5LGT3G7EH6LJF7OIR44Z6WE,395.99397845,334
43WPNPZTKGODLXOBDTVMM746V5EO6XQLSEH6ZJSAVAAG3V6O6X4E6UUJXQ,395.99397845,335
RDUHN47HLI3HI27ZPUCNOF7MDLU2R2EIUEKIBLSF7MPGGFGGMR7WT6Y4VM,395.99397845,336
U7HPGW736FP7HJ2CWKMX5IYEWXBU2JVDIBOLUCWGIX3SRVGABTEBI5DX5M,395.99397845,337
Q5LHKNDJ62JO6QX77XP5GTRVGNHGPFQLST4RZ54E572C56ZDQBZLJO4KEU,395.57981981,338
LA5BPUOWEVDYJPGUZ2Q5FACMY3YWKAFK2XJ4WMR6KIBCHRK2RPX26IGJIY,395.57981981,339
DWYV6JN2QH5MH23NGD44LFI2WY5RQ5DXVPIYPTDG4QRC4XRLL666A5B4YI,395.57981981,340
25G6QP2NXLCS7O2RYKH3RFH4U3P4ZEXLGADU7DS5PCKYLFYZB5Z6RWPQSI,395.57981981,341
2OZCWHIMD7FAAT3KNBSQ7ECFCD2Z5U4AAV6XYJLP2ZC556FJVRXSM2LSOE,395.19052329,342
4XEJU3OWHDROP3VOZ66JH2IBWO6O6TYBZW4Q2T5PILZWELTOGUJRLFMPHI,395.19052329,343
TWPVODDWEI3LAPDWGBUZI3QMNP3ZQLPH3IP2333PPLD5N7LPFJQTNEH5QY,395.19052329,344
E6HO3QGDNYCYH6VWJ6RZ7QK3SJFUMIIOS5HGNXFFXCR6T4IHPOSEZCLWGE,395.19052329,345
FQYZ2FQ2XC52ZIBTL2GG7YYFOC5K6XC3JDQQCT5MJ52M7CURCLNGVU7F5Q,395.19052329,346
RQ5BJNX7X6ZV54EMM2QQZ2I4F2IIZN7FNXVJYZSPAHEUJ6YLGG2M674PIE,394.7367,347
3GZOCJFIZVZZJPIJRKJ2UO24DBIWEV53ZEPBQ37PPAHY5ZSWTVLXSNFB24,394.7367,348
QMMECAKP42YPJ7TATILUI3NVYBV2LBVDNZXTWBR2OSVWBQKYQAKUPNF57Q,394.7367,349
NVT6MUMFFZVRMX5GXMY5FF6JSRK4FGHL7B3YSSTYCE7CS2ZKNXN2UEOEJ4,394.7367,350
NQWQYZL6OD6TI7Y5VOPXNHLS2NXFKVPBZJLUUILUM7U6MCDLWN7I5QJCQY,394.7367,351
NOP4XRPNP3VDQALZNY4NIFYBLRZFYOBGUQAD5T6JFASTU47K4SGO6NOBEQ,394.7367,352
BLIIGRS4AKB4RC5UGKEPT6CDEHVM6KGRVVBVZORZZU3A2CKXTUNVMZXKUA,394.7367,353
NZ4GZPRPGRMKLUAL6Q2IWNMAO7VHTAKXXACVE3DKUJDCO3E5VPZHT25MNA,394.7367,354
43WUCJX3YHQQO7I3H4HIZ7DMNNGSWVV3JEIX2XRT7SBYDIN2OAYMRD4JVE,394.7367,355
LGBOOLEVY23BXFFPQQ6G4N2IS7D2LQAR77LLCRORHKXTM77QSE6CHJTWAI,394.7367,356
LGFC6KCKB47DT26EJEJ6G3XNJTI43OXJLNJAKPOKU6LFXIH3IBDA5CURCQ,394.7367,357
BKEOHBTXVMOFRRA73SXPIYN5X2H5XWPP22QFVQXEAZA2MOB57CKRPYZRUQ,394.7367,358
NIPN5COLV5BJ2PD6NP3UEU5DUZJHUSN35BDTWYG5DZ26WDHISQTM32JXGY,394.7367,359
WL7KH6KHARI3VYT2G5N5MLHS2VN56HQMYIPYSZGPUKAFLNAOZCI6JFVTIM,394.7367,360
QTENEKTE6VKWUYZW26ACWNSIPD2X3ANXRDAXKCMT3MOO4VCXJASPOGMLVU,394.7367,361
7WE3HVHVLNTBWHAJX7RZQPY5YW3NS4PVUF3DFP6EALRDFEYE7A4ME2EBDI,394.7367,362
YGX3DYWGSZERSQYN7M7J3IWXIOURDX6RFSOKQJPU4RPC2RTZIOBFTDH3OI,394.7367,363
QUQMJRJITZIPBOOQ6MBXTFWHJMEDDXDYRAY6VFZBUH4MXZLGO5B7QD2XKI,394.7367,364
ASKBR4OIR6G4GYE6NQGUTLRRRXEWCHSN4RDTZ7CH3EPLSYITAL5M5PMNHE,394.7367,365
XF7ZHHDJVN6TYDH4BTT2GJE6WY2EBOIU2USU5OYQE2AO6SJX3FW76ZK6ZI,394.7367,366
O4GNDXZHWIJHHYI73ALPNZV5SPK3OCEWFTTBO6KRFOWGA7NLPWFJDXDWWQ,394.7367,367
43D22RXWJD5DZ4F75UW3UAN7DCHPAY6WDFOMPZ6KCF3DMCIQNH24NYKWM4,394.7367,368
BWIPM4K3OMXW4R4XQKCHL525ZWAK66NKS74NLL3UTXG2NTDHGDG5WRHUEQ,394.7367,369
KU35FB5F4TVDQTRJ3ACKKMR454RTQLRUZ3AETHUXKA6HZG2VLY5TPMFFKE,394.7367,370
ASAGXWADQHNYC6MEWRAY2ZTXPG7XTZK5BUFQQD75GVNQXXA2BTJHYMAHLU,394.7367,371
ROUOL7MI5SBMN55V523GV6B4WZZKKEJ6YXDEL3LBVP53LDOSZ4TKL5OECM,394.7367,372
KSHS7KEZZM7PYA4WDRR3W7B6L47ZX7SQBMRGTGM56QGR66Q7QOJ6GD4E6U,394.7367,373
BZS2BRQRBFWSP5KJWCETV3AMQHKJ7SF7GYHAH47D56SDFOXIYICP4ZC67E,394.7367,374
ODVUFVEPCQNMOMNBHEK4GU332IQEGXWMHXD4FAKQAUOX5MAJC6Z5E6I67M,394.7367,375
NHMGBU5TXKHY3BKUWQ7JM7DVNOP6M667HZWWXAMYCR3IAKHP6LIIJRQM6Q,394.7367,376
AKTA4JYHSUXI5BFN2URPYKCRVTPHFWLUZCLF5Z2VWY7KYRSAXM4MN2B5ME,394.7367,377
NGWKHBIFKAX2NBT2KDX2BWXCOIDSMNUOKXEF3NXRMP5PWKWZJFUOQO7M24,394.7367,378
MVZZTA2UZPGXKKE6YCEXDKYMUQOZ7M6VDQMMTDUQ5ZNZWLNUFYHS35AUCY,394.7367,379
AD7HA7E6BZQ7HCKVRHJQKF5ZMK4R6CF4KX4E4NJUCBKUFQYISP3QRVXB2Q,394.7367,380
B6BENODGEN4553PGS3UTTC5GIYT6ETCXTCPIUVZQDPM4YDJAE3MUJM3MFA,394.7367,381
Y2FZVWLTQMJ5VLHSAMHIDLGUCHRYUSXRUIQLNPM5NNEBUB4SCR4NMD6MSM,394.7367,382
WWMZCIXHRWBBEOTO7EEYA7DHKT4A6FTJPSTVIBIODWJCZ3LEVXIO5GVVUE,394.7367,383
WWGNQYMF4MNIE4EHLTPYWTEPH6HBK3J6ZWNXFZWQZ2LDXGOTOXGZYP723U,394.7367,384
MTCZ266QPONVCG4LE2W4XWY7YIJNA3AXVW47GIAN36GONXQO2QUEPT6Z7A,394.7367,385
AY4JVHPUPBAEE4K24LMR4UKZQ5F2ZGPXCCOLGXC43DY6GOGJMPSD4CYAZ4,394.7367,386
7ZGHKU7YHPALE2GGS53DRHGVW3HKTB7CZRWAVVZHCG6GXGHN52A2FPO5P4,394.7367,387
MUYLNT3Y3NP52LTIQNKXIQ64ZOZPFH433NSULQSMROWXDACDUAIDHSMYQQ,394.7367,388
WVUTRBEVENKKRJO4DQKFPPY7K5THLNNGFQMKC3NIKY36Z5OU6J3NPJMQWA,394.7367,389
MVQHRVAHJOGBKNIVS4QIWOTY6YPXZLSB5GU2BXEKDUJYFS3SCQ5WXHSXKQ,394.7367,390
MCOZ52U5CKCUJYPRMHXDYGSR5W2RV66JOAAUUXBEFITQ55XZKHNOQXXLF4,394.7367,391
M5LA5DNK3XCX5IUR27VR4I7MGYX2UX4TYWL2QYTUYGCSFUPMWT3JGIGCHM,394.7367,392
V54KLF5W6VF27ULIWJXWKLNYIFXOIZEIX3Y7626HXPUPCDKWYNPJMIYJPQ,394.7367,393
AYX4WOFO75QPN6HQLJ4EQIPBHRICP4QBRNQ6WCZQNEIAE65RJYHOCX3JRA,394.7367,394
M2ZQSGK4SCGEMD6LUNADDK2P4UYGE6K3BS4Q3JLILOKB327AOGOQBMSWAI,394.7367,395
LZT6B57VQEVKPWZ6XD2J5RMSKR6IASYOKON3H4HNRUONGKM4BXP37Y425A,394.7367,396
X4YQ6AO27JVVNYOUQKWWI2AIJZZEFJUZQJJJX3WETINBNRCLU2WVFV3MN4,394.7367,397
Y47FEH2OOLNIZ5BXXG2SNPKPAUJQDCEIL47WKJPOS6VGPWWWM66ZZSBPDM,394.7367,398
3DLQWLA4D6VOAVVJJRWQWC5NRXYAXZ7ZMVX2RG64NMAIUDQW7V22O2BIHA,394.7367,399
QDTMNE72XJWBUCW74HIWDJDM3VGWIH3TBCPXWJ3BSOZLGYLSTBO3KFN72A,394.7367,400
N2S4JUFJYMHN3CVCYQFKKQ67GJOIRGWRGOV6LCM7D3AEIAFS543OS3Z6LQ,394.7367,401
N5AAXGHSFD427UQLPYTQWTHJK5EJ42FHE6NBYEWK3YEAQIQNI75FZCXBZI,394.7367,402
LPIP4ADASBY4QXFL7YCTSFYXCNYU43KXKRCQOU6CQV7LTP4WJIPIAQITLU,394.7367,403
P2XRHXT2YVTAXYPYMSCTV4ZEZP2ZDD46CPEJNWHZKNF3D6JRWJRY5YWY4Y,394.7367,404
OVAGP5J5NMIILYE6L4YTMGV6ETF6RBNOUFHEJUCVQK3J6ULJJVQPGPRZM4,394.7367,405
AKPOFFY5GL3VPPC3JO3346HDJJ5BWOMUCHORCSEJ6YKI4K2OPWRS43BZ2Q,394.7367,406
4T6S3WLQ7OI3WZ4WGPATYLMMYJZQE5INM6IL2UCP3752NBF5KEV4BKJ6EA,394.7367,407
AW7SN6FBQHX46CJ6ZIAR2CXQR6HVKIW2FMO7SLVODEJVT2FX7UCNXHSJE4,394.7367,408
JVS2I7C4SLUB2ITORN5Z5GYM6XFSYQBXBUZXDWLZFPELAZGBITMGUHXXTI,394.7367,409
HG6PB7T6XLSFC7P3CDUB5NRGLWOSLKGDRSOCZCNOBPHXQB42Y6LMQMPJSI,394.7367,410
GPH5AN6CUKAXQKETUUNNIDN2TJPGNF3TVOWQAXYTAZKAMTQJJAN76TT6KQ,394.7367,411
FIDBRIDQTA44IKIVG2IHZJFRTO53PLEQOL6AYGGOJB4JXTJ5TAEUYSVR3A,394.7367,412
5N5VC3WGCP2XXKEVK6LVEXBZO6OWQEW3LLIY3ED23HNY3BZ4FSTYLR7M7M,394.7367,413
U3U4S7UPIHOY2LOKWOIQZEJK566UUDBDBBTZRTU6TKWMA6QT65SY4FBI2Q,394.7367,414
FNKQJUKJ2CWUVJB6SK4WF3ZA5KEFP32LVSOVLOSYTZIY64ICOMXJATWAOU,394.7367,415
FTAT37N3RIBSSEUV5VB6NZXTPXAIWFA6TUMJSQWZDYUOGBH7K4W237WQ5I,394.7367,416
G2WHWVGMYYGKTYD7CGHMJ3NUYHAVVDPOTTI3V56EMQEXEN7PMDPALKOUTM,394.7367,417
2DHA34MCPXETYUICGDH2LCP7PYCTGDIEQW6REAVQDIFY2GWKESQ7DU3YVA,394.7367,418
2IS3MWUBWGETRJWQ4TBEKWOF3MV6GIW2YS4RXBLCQWE5DL3KRRXLN4O6AA,394.7367,419
2ITOAMCBG32AY3MOUQWTDFSECWI2GXCSSDRXRKYENHHDLWR5LBJ6KAJHVM,394.7367,420
GNXEZLJA7P7JUJSISUGJCGPMUX6GWNBSA6UDYHFY4BELW3VTBIW3VKBJYI,394.7367,421
GRKNIBNV6PKP2JPDHAENYORJDFAL37VUQ3OYS3RQWLVAFOG4XRO4OKAPLA,394.7367,422
HKK7VRNGJHXBEEG5DHRGEGYPCRVLG5GAWZTVXBBI22VOREXANKSNSLQWMA,394.7367,423
D3JL75A67YDOWTBMWP3EQPACJN44TQPQL34VLHCGFEKKVC5JY2TCRNRYDQ,394.7367,424
GULLYCAGJ3SV2HELLNG5NXRMZJGB7Y3NFEZQCO6RVHVYE6LLVI76HTKVRI,394.7367,425
TVTM6Q5LPMLXNXCMVBJGMWRY6MFEZTJSRIDRE3352YTFO6FMY3C4BYZK4A,394.7367,426
6BAUSC2VDXRBL5SHYPEEJNLVQ5OMUTZBZTKDEE2F3B67FTCSLHKJBFP5XE,394.7367,427
H2JCGJG74ZE2WBK4XRATBG7K54FQRAFZLG5ZQAN6GBOGISA4HXL7XNRXCA,394.7367,428
D2CLQYWCKS2S6XAFNDSC3D5ILPBTB5SO223IEVF3RBGXCODITRIJLEP7BI,394.7367,429
TT6VNHVYOWHYK55EBCJVLVSFAFD7YS2FGD57V56T4AMEBBAENQVMOXE53U,394.7367,430
VSPV77XIQTH7LS7QN7JWTRXF67BXV65RRNRM3BPWS7XYZ2L4AMW5CWX5QA,394.7367,431
HAV2S2IOMW23ISCQLXL4OSGMBVJEIKDBPCT7HN3EJKKEPXCEYIAIJLZRPU,394.7367,432
KJVAPYLKWQM56XGHVPNEVHN6VLYLW274RNDJQMB66OVML4RFODI4C5P3OY,394.7367,433
VF7GVMJZVZ2NGIMI6SGY2UOVKZRILK7RQ2AVQU5TZVNHDMWGA7RRGJQ2N4,394.7367,434
FGSNR5UJK6CX5D3HXIRL26L6FHJJCM2IJ342QVA5UFS6CCWT5UCBMFI5AU,394.7367,435
DKBYJ2NTVE4ZL3AYWL456HW7ANM4WWEYY3Y4AD3RIFTFVNCUXBIZCQG22M,394.7367,436
VEKAHPZOFPNHZNVS7T6I2T7W33MTQ4TFMEVREIJ7J75HQWFQ5AT27NU7CY,394.7367,437
ELGX7DA74A4YHBEYV6LSTW54K5UVE2KA2QVPRREVS6H2WKSDHQAIQDDATE,394.7367,438
EHPGITWT7DD5JCFE4YZON2NH5TWNKFTUHOOAUKRLEMFL6DDH2QV2WXONSA,394.7367,439
EBZSLFTJD2VUZTFNZP7GUDR3QSG3KTXL7BPGS6A3YMNS2P4SQU5JMJATTA,394.7367,440
EPM3GN3RWDBZ7IGJZLTJ4E4CFEB33U3JD67UH6ZMNECNA3XMF2IZS2YQ5M,394.7367,441
EPQPV7YEDN7GXQLZHYW6RK4HUXVGUC7VHFKTB75NRBOAUVBOWHDGYYWYR4,394.7367,442
V4ZPKSFX3IBA5NCIZWD5P6JNJAJZ7NI2SANETM6SVPXYOUMLZD3H65T56E,394.7367,443
EQ3GMSQHOHFRXQMKZSNLGJ4EKWFTLBCJNHOPJAMFVFE2MLR47EBDUS6NQI,394.7367,444
UYMS55ZSJ56DEYRP3C2WRHKWUTMTIR7HTD764KXKDA3W3DAHX6QWHMP4QM,394.7367,445
ES6QBZSQKOIQULSWNWHNQT66Z3VMCJUYUYJGKCSKDSYRBAPAUTJCKBZTDE,394.7367,446
ET7WWKJNZUOJ4M7YAZXDDMDPQZCBGJLOC7LOV355SST2MMQ6FGSOUNB4AI,394.7367,447
UV6L2UTIMERKH73TPVTEHMC3QCKRCV2JHOPR6CSOHG3KUWIUKLAD2MFRLY,394.7367,448
UPPQO4UR6Z4D7JMOQFUU4X75XBXQ2NSJCZKRPERSWMTIUQCIP3NW5YPYUM,394.7367,449
UPENMJNAE4CDCICVYCVN6TQ3KAZT677X2X32OTL6NNNX65XQLVO6CQYKKU,394.7367,450
UP26XL5RJQO7GHCR7V5ELN6QQX3AUAUAEAH6ITVUN7I4LMTDR72DDRJ27U,394.7367,451
F3GDQEWCVYD7375CTBIUR7EGOYGJQ2QFEYISUEGWGGKGNJZFAFKTMZBAVM,394.7367,452
F6V4F4533JY3L5VDER2Z5G2GYWWHCVQEQKCXYLIAG2FUL6LASBD2A5724Y,394.7367,453
5JEE6YJ4KJSOCQRDJONRYFKRDPIHOKCCWN2PVNNYZTKEZVEHK4FCTA7SYU,394.7367,454
UH3JXCVP6PC6MBLXWGVE6C6G6XDQZHGGIWBKJPQL6OPTOM7WS6J5ZH5GSA,394.7367,455
UFZBCN7PXSHM2PRLFS46KLK2W7SM2C2WCR5HFEWQCWYSSAH4WUMEC4W4MA,394.7367,456
5KZKSGWEWL5ZYT7F24YZ5E4GLCHO2IFEFPPBLBLKS3PEFNL7WEF6TJRWIA,394.7367,457
FFARPBFIOZKSCXGTABZFSK6AAQYO7A3REL5P6HNR6VI25AJQYNUK7GITFA,394.7367,458
TR75HBKA3N3JV7M7JOUF5VLT54ZMHSKHNXIGZ2H7Q2IWNW5SCH6KA57LMU,394.7367,459
XIJZIQJSXRR5OGKI6CZKVHA6X3J2FZK6PSTJL6X444SDWX7EJGCFZMAYOY,394.7367,460
HOYG46WX6CDZLULMZHQD5IDP3QHPN47DZ423UHIGELQMVHWEVJPDUX6VF4,394.7367,461
W2YOIRTK7M7NXFQZJ5TAUUZTN6R7F7WMPISSKUNPWCLKYFI3RPCMBDT5QQ,394.7367,462
73AAWJZ6WXQHSH6F6O7CLU6ZWZBVEHCR7KUCMZDHYXEZ6R4DHYBTMGGBIM,394.7367,463
ZF5LRJJTQ6UIOIFW2HUCWLDTSPF4WN3GUQ34WMVBHDFJFCDJI5Z7HHO6MQ,394.7367,464
SOG52GOF7UNC4VQGVENHC6L7BAW2PMBJW3QQVQ3EO4YBMYEMFJGM66SKNM,394.7367,465
JEPF65TAPCKL2OXPN5ACFJ5Z2AUUT6JVOJKAFANCLAWXJRHHCYBUMBPFVI,394.7367,466
ZEM54MU3VUOUVFPYHZCVE7YFV3WH7TBDHCMTOM7HWKQ7GFFRDQGUUWR2AA,394.7367,467
CDFJVRZTAILATQUPCGVFU73BU5WRZCIRZ2OHZ5TAM2EPRPN7MOQ6FNNAJE,394.7367,468
74IGOQVAAPTJPD5R7QJSII3GPQTDH7XPYFFH7FDPXF45XGI5GHIBPD6W7I,394.7367,469
JOIP2YBVV5MCW3WGETES2B5CYTFE57DGH4PWGUHSIOJ2YKVO556MPPLLHY,394.7367,470
C6GA7EHPLE4EP3DIAAPAZVYUYR64BKGYVWY3MDXTPMRPIHZFHOO4LCKN4U,394.7367,471
AR7TJWQCEL4STAV5AJ2NQHKE2WBDD4HFHF27MRH6EVC4ELFTG3GK54GVP4,394.7367,472
T7CPQGSMOPXYWTYARK4EOVVENEN6WAO3YIVIIBWTTYPTLLY4N3LSQ7MWCU,394.7367,473
SJAPHK5KMOQWDCOGVJITYDOF6PELRHWFV2Z6GKPQWWGBGX4WGKXPIXXH2M,394.7367,474
JWGCXZX4MSPMMJS2DRMYPVSDR5DDHRDIHFO6TIT4RZFQJFOSOSQRTBNNNM,394.7367,475
SIZEONSFFMUE6NL6SWGCSOILMRAMHH7BNWLMRD6GFZ2JYEYW5CLTOQNPDY,394.7367,476
SGWO7TFSQURNDR5RO4747QOPBK3YYE7QT45BWQYCNZOGTCTDX65KUIDORU,394.7367,477
W4IPGVXBSPOI2SC224WCNXHAXS752IJXW3JKRD5CGW5ON6L7JL2YRNPWUQ,394.7367,478
W5WHAEOTJOSCEHRW2R62VYL5FWXKRJXCJHJCCCUIFFURI5LBFH3XYJFVEQ,394.7367,479
YZESFLEOXF7HAQ3D3ZTYI7O74B3I6Y2K7BMD34N5AYKFWUXPGUDFRQP7SI,394.7367,480
RXETSX6IBWJGT52F66SGRZ22SVXLLPYVDD2KF2CQJTKRZSDQUY7DJ5YIUU,394.7367,481
KHIOBLCLIYGX6KSUESTBNGV4S42GASYD6ZQDARVMVJPBKOGLWBLJONCPNQ,394.7367,482
CHHRNRLKE5BP5VDVYE3TN27TUWSRZL6IPXQNVKHDII57PTL3QTPGMXSPMA,394.7367,483
CGW3LNIBLL274SWDWYWOTTB5QIT2BJFEBHBPAK44WZHWMDLNFGVWWBLVUU,394.7367,484
TESTDU4BOTPLMATWZ2WANLMC5DOFMXBUIHATTFRLFFYLDWD7JHGV6THKCA,394.7367,485
ZGKCKJVBZ2LTL4KHC4QQUA6SGJOV2PLJEGNYMVY7AOC727MF5H2NXNGXJE,394.7367,486
VTOZ2ZO3HJVJG57MFERMOOENYSGD5D3HK3QUSLAYJSEKLRJHYRESR7GJF4,394.7367,487
TPENJ2JQVMV5O73LGIZVC5FQWBA7RX3Y3G23LYSXAIHSUSRFH3ACBCI5YU,394.7367,488
TLPM4FDOD34BKJCDSL7E2F24MT7R673KYCEEZQRQPOFGPNVH5GQQ3POQBM,394.7367,489
ZMSYMH6EBBMINAJV63RRMNSKSPR5AOTGSLRNJWSROVTCEPLJP3S5V33NDE,394.7367,490
ZK7CZT7NZJT6G6HWTZ5VD5SLUSTJSVFA2DW2FMLFYZKM7SAFENR7QZE6KE,394.7367,491
I3PAK7JCU6HG2OUOUACLTWM74I7FFXQMPVJ47B255GUELLQI5L5ERT6TEI,394.7367,492
I56MNRVFBEG7LYBO2ZLMXMMJJBLYNEBJ6YYFZVXYGD5SU4PAUDCUN4VAAU,394.7367,493
6EGAAZQMRMH26SWALDF4MOMZVXY7HW65BPDFIZO4LSLMX63U4PX6IT7C2Q,394.7367,494
ID7PUL4F6KE76J7KFK4PSY5UYHQN5SXOKJWGGGX3SUPYUUP42GMUTLVYYM,394.7367,495
6G5P2PQU25BLJI6XY555QOVZK4D5EDAXMREKQCITI65OE5FQ6O2JZJ62FA,394.7367,496
CIVJKRPAQ4T7CPHR4WHF347IHSZK2YXE7QEABFUUW4WJAA6U3WBQEJBJLI,394.7367,497
IFDUNDAISEWKNFO67KX2D6756ATYHEEF7W7OCZ35PU54Y2QZXHSLO6OUPY,394.7367,498
6MHIOALJ5AVBWBWEJPDZ6IRKUVFT2P76CNROUX3VOQX2V6PK2J75OPHLNI,394.7367,499
IKCIH3PWWNZOGKXOGKU3TXI2JSOUUXWKUF2MRAOAU6GWM2NCCVJQEAO75I,394.7367,500
RSGDEUMXJHFI76AN4PCEXXI3456TRBSROZUZ6FAVYPF53HGUZONUHLRYKU,389.64676808,501
WKFFDMYHSUXO4XYOMHH7WXQ77YNLWYRO63K3PLSITWBL4HIOMNG4JHL2HQ,374.86,502
G4OW5VHVKV467TE7DCWOMDRIPLMZGF7LSHN6MOUFZE5XIQZGVRVENGGUGA,374.22975634,503
5TQPWT254UXKL75YC645UHVITO4NFI3XB7TF4EEF6N7Q3YPGKL5VGPG2H4,373.47921268,504
MY3N7U2D44I7XKQHZG5WUKQZRPTPRAVDOPF42SMFFOLVXYDN2WV2ZG5IRQ,373.17546314,505
KW5ERY7OFIGM26UJYB6UORXXRPZCHJAZBK7XH5ZTJLVXYIOMFV5VNB4JSA,369.94724665999996,506
LI2DS34NEJ3LFLAQPTRBWQQFGAYT6AZIOVXAFP6PGEZWVN4XVGYK6ERVQY,369.04128562000005,507
3D4VRVU5DKYF2D7VLXY67EEVOSFY53RXL2V7GBLBG6JBMPUC6GO46MUSFM,342.43011052,508
KPJZ7JYPKL3JAYVTP3M5DMQAXTW5Y7XKN74HDJJWIPOHZGIYDBPJSVMVTU,340.4003446,509
3OHZBTWC67J3X4GLA6AS3ZSNWOPS3JIEMIZMYD42U75K7G3EKNCRS2OXRY,336.6720727,510
6VZENO76KHBLDW63FFZZFMSFPKDH66AM3KXL26PF3UP7JEGRMO6PKUXK5I,333.94118797,511
IEZPQQJLPL77QTCHQT2S63DJHYRBZXFJWIRCUSTC27KAYKQB7E4WEXIHQE,324.80805866,512
XUTWDOMIN5UHHXSLQLJ7N2FD64M7YTB3LJX7AMMJ4UCJK4PMDEIRDQO6DE,321.01900252,513
5ANXNREP3LJKH35NB5A3R72VHGBFMLKNGHBN6ZLHW3PKQN4SDI54PTHKFM,320.0,514
6FBTX2L53LJGDJ6IVK6IEN63IWRXQGNVYT4SL7CA2E4KTU3GG5QIABAJMA,316.42277142,515
ZVO3PRQJCLGLPCXTVYTKSZ7SPZ6HP3GT45KKWE5NOZH3WMV55K6XWNLLPE,312.43286745,516
U7URB63DJIDHOICD3NNHM2BJRF4NKTESHY3G56LTAHGDCAZBXA24FMJ3XI,309.82591822,517
GQEZYGFS2VIVTDD5C4YC47XBWCDZACSWOMMWGK7NWTDAGYRZ3C6KX23DRE,304.27244561,518
WSVQS7AM3TPMY2327DGWRDHHCT5PZ2ANV2NV7E5FF5DAKSO75SCQTHKXOM,303.4037812,519
F27OIWBY5VXUTK6I2I3EX5FSRSEKI43RR66FYBDLLQ6SPE6H3MZ677CXKA,301.6967592,520
PGXFFSVNTYAX3LVNQ36AYIQFPD3QKNHAZLOZ5QP3DIAGLLDMWKJYE7ZH4Y,300.72661487,521
6X5HENR5JCNVR3PIVBQANWV6HNMDHZPZA4P5RJ2HEQ3SXCZMQPUDFIO6KQ,297.70134599,522
BRG3K75U4RRXPUN7ZVSX6BAM7TTN5BFHG4QSP4KLFVP667KTRR7JDWD4HA,285.18645556,523
XKEYJP5CDRAEBGC6QVGM3PCAJEACNPAV5SDGH5FXBTMNPQSOJQKMZXD6TU,279.11619484,524
EJFSX46A6EP2JCHQNBY7PKYYIPQCCOBHHJSFJBLVTH6RXR47JMHA2JPCCQ,278.59057168,525
TLBKZZSTJSCLILU7DMOZJWXTGP5WKORNE7WKRFJ5LNHGFHXO36GAM2MMJE,275.45999998,526
BV2Q3OOC4I7LDLL7CILXGXP6EVJQTTPE4HJ4ZUOOS2BGLAWBJVZHBKJOIU,273.53210751,527
VFFOYCPLMNBDWNYPJYWWLDUM3IJV4G3HCMDMEO5X47G2GWQQUX4WWNOZOE,273.19546089,528
RPDWQZV2NZCLPGWNRLWSXAYKAMCAC6DPRMUWTECG5R64O247SB2LQI4OJQ,270.37828693,529
3AD3D33QSHA3TMREB3KB3TMLMWXHWPRQ2G3GHWDBNKEQI7FDSWL3V2JZNM,264.57665259,530
MWB4HFLF5HRMGZVBLLYFNBKJZYRZGOCFFBCYOWR5DQODCLCIZ6NNSHJAOQ,263.1578,531
BUOD7ZQJQY2KLQFSSYK5R5KMDWAV2MWL5QWGEVEBPGKMNIWLBECYLJYIJE,263.1578,532
XD3XJNPY26YPBZUQCNDNHT2THCROXRIXOWPFW426PAGJZR2FACLT4DZAMA,259.40773217,533
FJQUONNMB2XMR5PYVXXFC5XYGOCI7PKE4QHPLEL5KF5CCIKB5YCKRZOFTU,255.80811394,534
ZSND4SLEEZWRPFG32QVYDP27PUID4VHY3VDFGE7GMDO67I46AA6OQDR2H4,250.27902051,535
BIGJH2PCW2MXQEW2NHG443ROH5MKCL47QVIW6YINZRQTSPLFSHLHBCHCLE,247.14265266,536
JBO3VKMFJFGHRF6IRL526C2OMC2XZIPOXC6BV77IHDPLNELSZNSEHBFAJI,246.99653614,537
ULEC6EZSLGKXROZEMGEMKHVH5UVPJORDWWRD5QCE6GSGTOU2PUWMMQRIOE,245.05159444,538
MOOEXPFGDCN2QYGTFQEE6LQJ64VY4WK3B7VIGMZVTZ5TD3BMSH22POBO2A,239.99999998,539
ZSU5FQY7F775VOWQ6COJ5MKVEKDASBUIP57ROSCMJJ6QXDKSL2OEMJ2ZPA,230.50953437,540
THBVATT6O4LOF7KP5O6LS4XSID3VYRRF3LLRSYDJLV3BWQ4H4S5UMHNSPI,226.81020554,541
X4BW3S3SH2IU734GXYKSJEJQN7IBQV3T2DJENDXDJ4PAMN52TWQBKU3OIA,222.61079731,542
6OAURLYPOHRW4QIYYYV2FQF6EGX27LARJTTVCLP4HRIHA7ZJTHC6PVGQ3M,220.62092892,543
ULB6T4UV5QEMM2PLYVBIK6NWBZWUMSBSRGOKSRX2ZE3EAOIGNMCLRXLPEE,219.76960226,544
P6UULQGZEVYPQIHIFIY3Y3SEK6NUVPB3CIOMJEKTUILAHNGZ3COCBJJSYE,217.98270478,545
MVQBVVUG5R7KKSQBHDTETC4L76XSQ2JWNOGDV6NMO5UK5QZ6V4AADV4WWY,201.13160118,546
CGXP7DEIUZWHXUW52DUTIATIGMIUWELC7MWR5UBUBIHCTMOM5JVKKBLGMI,201.05690148,547
XPY3IVMKZNSOPQEDAQ3Y42ZXJMDVLUDGCYTDOGR7522FVXW2JVBNKOFQLM,200.0,548
EPUKQGDFYJSVNNMAQXUQ3AUDXMH7AALKBVFGFTQPLGYJGMJH6MUNSTKUWU,198.95035631,549
4JKEBL55T7E7IZSDR6ECR4Z4ZBA56LBZBVBZZEGNRC62XHRCLIBFJWSNB4,197.36835,550
2672DBEPUOCQF6URRIYU7EK6MN6WEFI4K6ZWNKXB4XJDUPPS5HQ5WDA2DQ,196.54175626,551
UGXEYGM3YGGPX3QUASIUY6PPSLWA4F7VWO7AN52NSCLA2MB46ZNCOYSMLM,190.3715666,552
RYIPCWTGB2G3NT324ZHG2AWFKIQIR2RLVJCWG22OFD5SCONIC7H2EKPCIQ,182.14626824,553
VCWSGM2G2ZPJ6WGPMRNJYVANN4OL6SIGAFPWWSXHV2KOVNPNDJXVWFJXGY,181.31621642,554
KOZ4Q3P62EAEUIGRT6FOFBPRGJM5TO4HWXYBOMTFWFDJI4DMRWX33P574I,177.8508031,555
76Z6MXQM7EXJTECA6455647IXQS6DYZK5A7OFOS5JYAALTG5BXMSDXO6CU,173.22685888,556
KEUEKUDTD4M6RQHMIEZTTZQJL42IPH2Q2YTGZPBDJFE3YGISKLKZ4YPOFI,170.72510496,557
J2WKA2P622UGRYLEQJPTM3K62RLWOKWSIY32A7HUNJ7HKQCRJANHNBFLBQ,169.76024973,558
II3GMUDQH2TWED2A5OHMPUS6M4AVXWPFJP3K3QSEVKGDW7CN75U3VIOGQQ,169.20049552,559
UTZ3C6N65FP2IRDC4HDXQCYNWDIYYKRZKETEGMKAF3D6BK2YDAVXYGZQCI,169.20024774,560
AMGXAPLAZ4A6RPWPEZESN6HFZIMSKKUQRAP5ZYHCWWPIUBPI6WRXWPQWAI,162.89555781,561
CXIV4MYEVPJDHOJDMDRBBZCNKCJAD6ADNNUTGRPKRFK3DF3E3JLC3QNXQQ,162.15024773,562
QSQ4YAD75CXHR4FKCJX5GFDWL3NAILGIMZRF4Q6CR3QXDOHVWDZXOFL7JQ,162.14999997,563
K6YGJ7XPRYUI7FD6XG4MS5BCQTZ7XO3PVA6CT6AWB3JQIZELOKK7L6PNUA,158.19000026,564
C3YGQHV3ECMA5QKGSBRE4CGV7P3Y7DN6ACVABPDK2PJE65WGT3LAGQMTXU,155.10129111,565
S5EG73LCFLGDX7PRZH35OYDRFHTIK3LPD3TWXFNHIFYAIHWKMAM46ZMTXA,155.09999995,566
JZ5MPUXK7ZCRA7TREX3TV35ZF2GULUOAS3IRMC2DDVYMVRNHVYN7T3NPRU,155.09999994,567
WHKQDOEUMRBYDE3N5RG6DYGJXDQL2SADJC2AA6UMFIBGSMKQENWF6OSWA4,154.09745932,568
MIMOPXEJLMO73VT3MIIANLNYXF4DDTISSSNHV3MG65LBRDSGHA72BZCTM4,152.89266918,569
IRGL7MXIQJWIDFBNMYY7XPTMUPH7TLLHIASE7PP4QVFKQDMB7BD5S3DOKA,150.0,570
BJXKJO7MSW2F4Q7F3O6J6424QUSTLDSPHF6N5XTOJFQDXMPGRPXJQSJLVQ,148.05024772,571
MQHCHWV6LD3WMCNS63Z6WAXJLH2XJAUGJLMXVL352NIT4BD3RKQJMBIXA4,148.04999996,572
5LQZ5V6HZZ27OIMHFQPKBGELAMK4F2ACKRKR6BFIYI7ZP2GMMRME334XUM,148.04999995,573
35AXVRHM6MWFCQJRLJ6IBRXIHABIMEVUA6PWZG5P2CEFAT5KNKPGF2M2SI,148.04999995,574
MICU33CNM2PGU2VIRQ3S3H2CW4PMTM6VNM4HFO6UMUUA2VLZUTNKRYBSVA,148.04999994,575
K3SFX5RTJNY23A6OTCY66OYVWP2UCEDAH34H6LSBPPHPOEJGAZIAS366BI,144.69814965,576
N7NJDD27R3ISWFVJLGC6JSONNLKVYF4VCOLFKVW3C7PBMLGN44A3ATOVGA,143.16373214,577
UQIGJTN6QEPLTXWK5BQXUOAP3XTRIXKLSO3DIU5ANQAZIZ3GEGCIP4HNZM,141.00024773,578
5HHP6MI64C6LJJBEUHDHBB4HZEKUI43KMMUJKJWZOLVD2FYSPFD5SOHQYA,140.99999999,579
HUCE6I53PUM42K5QKSMW4BAG72SJEURSGRLUFCAKP3GOZZDDFHG7OCQ2CQ,140.99999996,580
3X6D7WLYLW732NQCKVPDD3XVDXSMIZP3OJFBVPR2RJSXNS2CPPCMBXG4R4,140.99999995,581
OKEXSAGGNMRMW5NY7EP4DWBLSAKOGANIR4IZM2HT5RGJZEGQU2KWYVDTLA,140.99999995,582
OJ25MMD2FTSGYFAE74EQVD4GLYXKIIMN5MKAPIVZKYK6NCM6U3ZP7VHFNY,140.99999994,583
6UDDDNXH33N3TIIWQ5H5JXQBOB3GW3M3XRD6T7UHNHS7QW5FMCH7MVNJXA,140.90626333,584
MFCKAKMWZEPEVII52ODPS2QAMPNVT2C3AWENI3SHZ7X5RET4Q4DDBRRPN4,138.65475952,585
NAVDZQLZFD7SCRGCKMMEEN6JOLZSLF4CRBZI32JCUUBUE2NHD5X7REF2TY,137.9883065,586
DTV3RV24NWWH2FQXMA7T6PPARR4BC5LRYV2RFEVOKN4UMSOGVLAVUQX6AQ,135.42473031,587
7X4GVA6VQ6XGIELR6FZFVBERF5LYOPZRRDXSRODHKMMSJNSYJFGBFAATLQ,135.13896853,588
7FQDIPOVEZ6NH6OFYLERR7BTBPA55LV35GHN6RMQLY37TQ5NC4LMYOCNDM,133.94999997,589
UKKS2FCHDN3PN6KEIXJPBAIFVSQAXLQSUOI6UC4RY7WG6ITD3DHLIZHOBU,133.94999996,590
X4MDR2WJIVFOSYRRMERF3YV2333WCKNPYC7HCCS3ODGPEL5N2SYMLHG4DM,133.94999995,591
GREVBHOWCNNKNXCL4RCTJYYASIFUUNRZPMKO2IJFDVVUCMIJCLPTSMMFQY,133.94999994,592
2UQXTJFFQZDCCRVDKZDLQ3JNGOBZ44RNMWVNJDYRV3WR4QJ3PUXIL7C3CY,133.41589309,593
IDC2P4N4AO7EMEODTX4NQPJPDSEHLLX3DJ34AQNYHCHY6ORIKLP5CS4BNQ,132.87852691,594
6KNUELDLTOGSRX5OBIINJADFLIGUIFR4OZWJRXSWEDATVEFL7QFB2WWANA,132.3451643,595
LJFHOVKF3Z2KP2C6KR7NCHKV63K24WUE2SQR6SXOUBDOLXTB56GXRIE5VA,131.86245937,596
ETVHBYEQ42QLGXIVQNQQUXLHW4NV5IETIPO2BVLWGN23MMMISREHZV45BA,131.00378856,597
VTYJQVIW66UGEBRKYXGULKOVOIQXMY3ZFMC5X5OB25VWM33L2SXK4PCKS4,126.89999996,598
3FD5E6WZJDEXQCRHK5MXLL3A7UEFYOYW6KTMDJKSH5IXO6KPZ6DDDFD6HQ,126.89999996,599
IHSCFPCBRFSBFO5J7EOI6PTZCSFNNP2J73AEI64CREPWQEMIIUAXPRLKK4,126.89999996,600
QJGQAFGBFQLAQUEAVITCDTLBADI3QUIF2Z3T6HX6XHTO7YUYRT52BMNC7M,126.89999996,601
B6COC77VGFXNDPAXMMANZG6Y2TGLCRJ4ZVBZCVBQQYH3LPHHULYREFBKGQ,126.89999995,602
HRPP3UHP2OLYNLSHTO7S7EXFJVENCMLS4F6RLITJXEGIDA2HPWY7LPKNZY,126.89999995,603
QXFXE345NHQFSG7EIWDAH6MRK7JITIT6F4N5RWZEQS5ZN54WCMHCVDPYE4,126.89999995,604
2LG7TCTCLLA572ZOXZ6ANN66S5QMKCURX546VPIKHMZC4YKQDTXFYGKR7Y,126.89999994,605
GWKSNCYD6AWXT7MSRV7XTC7VZTGHQJQJU36ZBTYDZ3GSTVRVGB7GZH4OMQ,121.60216551,606
KBDV43B6R5XK4PXVOTIAHL23FTSOBR24K7HW4LADZGPJ77O5CWF33OJROY,121.52069344,607
MGXGWJOIMF5FO5YW3FFLUUWKZTRNZP6VGAASFFAI7FMYGQADUUBF53ZGGU,121.35860867,608
5UAUOUR5NOMAUEOCXTABWH2NAR2CERD64EU2Z5GY4I2RPUJDETBBAVN2GU,119.85024773,609
RPBPFNF2S7LXLX4JKFLTH55EHJE6SAQCRLUCS4HYHPEDDMDQQ7C6RRSJQI,119.84999996,610
C6IGPVCQJ4VTBODT5AHGQ5WK7W3TM62HMWP2GQNKDACMIO442ZVF7YQYKE,119.84999994,611
ESEVCVCXMYDRPTIBWCKFKDJIZKEONRZ7PEAQBDLZOE3YKBLEXJ6B3BEK34,118.18481667,612
BZLIHMDPACXGQ5WD53AQFZW2IBD6PJB2SYADUC3ZTRPFHXQEVSUBINWODI,112.79999996,613
U3Y2FH7QRK3HURZNJ4JUQ3TFVH2BCJ6QH26VMRHWAJO4PF7MXUBBAEPFJA,109.89848275,614
CIJ27RQX7JNYFGWVKQAB77PP5UWAI3P7K5DXTGK6KGL3RZIGJ27BJ7QVLE,108.51062411,615
SHOGC2YPUNXEL6NPXR636VVXSPNNRKZAEQNAKRWDAA4VSFMP7TPIOLNNSU,107.63999963,616
MIH3IBXNLWUCZKEXOWDA4XIP2XNPVKOH7CBPMP42I4EHIFJFC2KJAILNQU,105.67803197,617
KNJ52AEMXNPAQTRYKTZ4HJ6PO4UX4LBVHOAC4GLTGI7H4TIWLQXXMDGSVY,103.97330334,618
DGN4OPUU6K4E37IOYI4WAFX6CR3DBMM2H6ZRH7IYP63XW3NNTNBJL3ESF4,102.61197177,619
DEE3RUBCLDBLSCPU27GLUSPDQQNTXTTRD34VOLB63OI2SK2ML3R5HLEPQU,102.36454541,620
L7XHK7T7QZG23SPSYWAYOD4TRABIYK4QC3G26XVY7P4MSAHGLDJCVNRKW4,100.17751063,621
UWJAMKRARGKQGZAD6UU3LTG2BFYJZJ3MFIXMDS475KME7WN6BUCXSD5ULQ,99.88379927,622
ERC2TO5Z4TOUCE5ZB3YSXMT2S57KNNQVHACFEXT3T7ICVOTGDVDOLVVPZQ,98.89336713,623
4XWM2QU3NXAUULJBSSC6CVNVINPULUI6ODDUBN4HN4EFBYLBQKYB2MVQDQ,98.69999996,624
CPZRXRCFJ44ZYULYVXXEOZLD3MBJMBQO6CZPPOOAE2SLOBEPBI65D6ZQ44,98.69999996,625
NMTNPMTPPTW22YLO6IRA2RODATBTLLUO4QZPC2BDM6KQOB55TVGHEOOHCQ,93.23204359,626
6Q7LOQMGM6S3YIK2NISTZQPXJSWBHROXY75JVUOT57HJHEQVXNON37REBQ,93.05593821,627
MXSQS4VVGGQDVFDVCG2PKGYKMMJLT25SRTCZDMIQLZSSX53F3GQWRHYWTI,92.3403869,628
NLADWIBYC42NI6GB5PPDOMEYRTAHVJDFTEE2WUSKB5GFBV2S64KUQPXWTA,91.94192745000001,629
RTY3HJCVGJEFICOU6XQZI7U5YJ3NBBMK64AIYRHT6CGBAZD4NQYVI4P4ZQ,91.64999995,630
APERILJKRG66QQZSW4FB3V2CPXNPVFBTC7G5FQPSTEWKJXX4IJ64OPX6W4,91.64999994,631
SBYCGNEJ2OR7JEFIPTMSBNPP4FG3K3ZSPZ4MHGWSQ6MKTAMWEKFU647E2I,90.30765066,632
HIHTHWG2TIW7KM7Z2WYJN7SIM27GF36Z6ZXMJSKGZGUWG7HI2E7DSU7BQU,89.23862052,633
J7LACJG2PKYTEQMEJXVOIGIKV2VOV576T4THX25BWKNR3PPOVZIDGAESJQ,88.92899998,634
7FQBLA7I45KS7P3QKNP6DRDSAEQA4N4TTJWV6GGJANJGYOXOX4H5BI75FY,88.54384692,635
7JMBBH3ES2SLIQBJHFUSXHETUYDHYUTSDICZL6J66WTE3YROOYFQFATXZE,87.35981279,636
JDTKIVSJ476WYDNLFVTCGDRMHRFMIFH5F26EK2WO5ZTRESAPILLFR3MW5U,87.0479924,637
TNW5ACLWDHAT7ST2IB32IFPOFDZUZEIT7HPCRYLBF44WHB7GANWBRADTBI,85.17364405,638
P32SFXDEP6UL2NHINWDUVUT4JEY7ANFV76TKYEFAGIMUUNVLF3E5NPUBKQ,84.59999996,639
GAWV3BWOUD6UM5YYMHIN25CMKTG3NHOFEPTRRXBRGJAVMQAQ77QGEX5PJY,84.59999996,640
FF6NEYPPMQPD6TQMSF26NNEK7BAF5VWBZVXYL2UBEM2SVVF6JLLFTIUIJU,84.59999996,641
HGMZHG4A3BGC4QNWDJR6ZY5ARXP4IGWLXBPNWXICZ2YID4RJ7S32XTQB2M,84.59999996,642
EX6SPIBSRBBLIEEI7QTQ4QNEL27YMO42GYHPM2AGK7AN4SRY2T2SL3MZDM,84.09759863,643
V6TJNILOYYT2QIY3VGVKOTKOPPHPFH3PYUAJRUGLNBZGNYQH6FUDEBUQSI,82.82097037,644
WYUAUC5L7MT3TWO7KI4BBR6OFA4N7BY7Y3NCQQ73FZMB6FTZETXAPCDRX4,80.99014382,645
22HK2JQ7T6Y3KQMEKTCJSX7MDPMDYKJ4VDUV5V2E56FSTO4B3ZNGXM3V6Y,76.97239664,646
I6XXY455PM2J3ZLZ3XXQSH5UP242P4V5NBLAAJQKEMBOIJM5EQ5DD4M77M,76.95351477,647
XJAHBKHP5FTTUHWCWTOJBYCGP55XGBDRQS2GTLKFINNIK27TGBM26E2V4M,76.88863691,648
L7RF6SLJVI4YSKNRGYBMXVQUVXWRPEEJMXJBTCTYMVGCZGU7P7GM6UUTY4,71.31600055,649
JWBQVQBFTJHQEDOPRNGXLY24BPHD6A6N5BMKJWMSTM4SNIM2X5VCZBGSJY,70.49999996,650
Q5I5SF6SNUYK24Z4F3XCQTMDCB4ZMNQSCQVDYUAG7ND25FYQALJTKBQ5TY,70.35199372,651
ZSKLG747CZGQHXKWGLJ45NLTK5OVDNLOC23IJBH4IPNIVTNV6Q6AK322II,69.63892565,652
BHA4CSFSEG2GTQ2Q3ZRPFQKOYKNIZTF6UNH2ZU4YPW6JZCEPK5PLISATTA,69.57388055,653
NFQJHE4JCPQN32LAPOKQRS4PYJMZ6JCNUP4ABXZ5ERXZ3SRNNTFBZDHDMY,65.2835961,654
EAPMJ32R2IEBFIYPOOC7ILMSHM645OWQJFHWCGADLU2J57UKOFEOKLPBWA,61.50982328,655
RS7TLLQRXKBAQDAVTSZC2ZLMVMLNSCL3FOUOESJJZ5XSKFFL56UI6X33CI,59.99999999,656
O4WUV6IZ4BRQUNCEVZE3YX4CTJRLAIZHGF5FL5JCRJ6MPESLB6RECLC2SY,59.37228948,657
U7CBN6OI37VCAZTU2NTIF4Q4RJ5JKDYW23SAIKZAPXDUJVMK3UO44MINXE,55.70681318,658
A2EKAYOKNFXJS3U3IX7XB3CN3MHJILAESSPPLBIL33HGYDGQYSXV47NCIA,54.75407461,659
RKX25MK5L5LEWYI5TCZIUL6M7MBHU5K765JD2B5GVNC4NSUY7Z4INAUNEE,54.41736706,660
EJCGGASGLU5ZJRWHVC5ECEN6K3US2W4R64H34PU6B5T3RBEIDA6LBG5XKA,53.7139499,661
AOK23QWG3GY666TFMM63P4CP7ZGBPB723RDX5T5HSSS64EEI2KSCTA5VJM,53.41193418,662
5GNUS6TRHORZ6X4OIHSMZZC6GZ5MHWBWAYQJ3ZVMQZZBJZKICFPLW7FILE,53.37641102,663
L2BBPVEU5CYJYH3OOD3RRFX3JRABYTMW4B2ALKUFQXK5AORKSH4QVRIR6A,53.19281023,664
K5XAVNPKJY6UGWPRYMVA3UWHSM2NOHWBLHAPV42A27IRTYDK4OCSXXTA44,53.06268138,665
CRSQ2FU2XHMLSEYTSUMRU4E3SLPDV3Y4BZ37QOFN33EBAJUWWXVRYHJVQ4,52.75960716,666
ZU3SR4XRG37QNCLDA6Q4K46MRS3KWE54T5K3KXXQFJBCG2W4SWOIX544KA,52.53737506,667
GZPG6TYSNKGCESPKRXW6WAHXMDVX4OXDCMGMQXP2BQCJDURFEVIWQSX3DU,51.62223288,668
37AZJI5KUA5RITO57GWTJUKFXDRVL332XB3QUVDTAE2HUTF74TG4RRMIG4,50.6404743,669
UQTZVWLOGYI2KBUQRFU6HG5THB7673UWEDKZSAAVGQZJA2YOEE7JM4E5EY,50.56327914,670
KNO4UEBERR5VUBAIHAQHT6A7BTMZYG5F7FW36GC3NTQVI7WBK6SNUOHQGQ,49.22645362,671
R6ANER5AHBX2P3ICIT6JW7FMEFX7YJ7OGYIHDW7N53Z5M5YOAXPY3KI2NI,49.21235792,672
DUKL2DD5RNOZ4ECGFHGPY5ELKD7J2IQ7HSEJEJXRHKNBG3JCNSHFCA7JEY,48.47733115,673
FCRTKTZ3XQPN42NCRFUYZG3NOKCZCX6U45DOGYGNMA26PESLX5FLHATYXM,45.89251116,674
YD2QLXGT6AS5OUI2HVQIWUOF5FVW35CYBQTJRWCYB3V3G4A336EJRFNURY,45.19349404,675
S4NURFBENOQ5B6JFWQJ7A76AE2K5UBF5WFNYUGDDGSDY3RCYZWPQHL7CHU,39.15328027,676
7UTCPFOC5EBX4RSZOKDZFALYE4JI6JRPMORPUNSTJXYD7OKNP3PZTCSQ2E,35.49163161,677
ALS2KKB7WWLIZROAMS26DAX4FQUBHQW7VIXHFTAV4DWTFIV5TKTAZXQ5HE,35.45096243,678
IDR5NE6NYNSDGRHYCCN732ARFUC3Z45Y4RVAENL4MS6P6FKO334BF5HUOY,35.00548366,679
BS25HY2FU4Q3S5EUEIGN47LHEQF4YUDGYZQDFG3IA7NFEPVJJAJVV7QOQA,34.72922112,680
B5TRCMP7IDCX76LVT62DESSWYZT73KOKD3KEQTYEMN4WIADPBOZ2ZSLOYA,34.11942344,681
OEZ4LXFICYXNLUVDKDNTODY2NAOUW4DE7LABM6LA4YTRPVZ6ABKLXF2OF4,30.95993553,682
JAA2GROYOPER46BDVMER2OQXFMYGQJ6OM4KFFALTEQGSGUGT5KW2HK5Q7I,30.88616804,683
P7BEBZLKDMF5DACRHIWDYNNJ2LK7SL6LDPJLPFLFMFR3VWZHNZP3IQTXMA,30.52385799,684
NOZAHMYJACUALP2QH7L6OIYMATH6ZKG722WEWVVA6WBULAF5LWLTKIEAWQ,30.37582845,685
RQN3OAWRQVFOQQWPEBR5NM2R3CAB2SY7PPI22Z72DLLWQYOGCBTMSAPFGY,29.99999984,686
2M4G7QRR6ZMUGR2MBLIVVG4YBH2KKPDBYSHDYO766GSYOEJLTNRK3C2CXA,29.9999988,687
WXLF2EKCUW3M245UWSUHQXOWSYMYNMX2KCNLEKZ4333HOL6XS2RKFGC3H4,29.39592997,688
PWZMPOY3LRM2OQ7HL5OIAQUKRZW5WWKLNC44LKYHKCT2K2OGBTGYU4FGBQ,28.7210889,689
ALZAQ4XD4SRHPTEGOTXUKCTQXMD4V4NWH65R4JQB76KZRXOZNB2ZIBUSNU,28.19999997,690
OPBIE5S3IUKLNFU6C2DK5B3FTYD7W7BMVDTNMTFFLKVQXPUUNAFBHZHVBY,25.97944949,691
Y5PWSUVQ5VESFQKEBAX6HOTL5A4NARUESLZBAH2GE742TNU7WT6UDOBJKY,25.85118188,692
54GJYGECBII47LLCJ7X4XVK4YNXLEKTWNA5HOBHO7TTVZ7OG3RE72EHXQE,25.72459266,693
UCDILWEZ6FRIMFH2W7JQXF7M7G7RCJJOQVLLQ5WX64WB24PJ6NOJP7JVVA,25.12349179,694
OMSQCGWNPVPZGB2ANQ63REKLQJY53K2W2HMK2HGECP5MEUSQ2Z3FGM2L4Y,24.28101579,695
I5YVLX3ZIEXLBGYQUISM53QRHWIE4C2LI5HZ7IZZSO4Y7BKAZLQDBRU4OY,24.06110357,696
QHPPZ5EH7L7OMRL5VWILU22OAGATARW4RLBOFFHM7DOQLG7YWFKEQOUDBU,23.68450782,697
7ZB67I5CJM3Q23LQHCBKA2GKOAEHVJVTYW3XPNVPVHGTTQVXRU2XGNY3W4,23.57418751,698
WEYY7HZRQJBUVQCRVWBXLJAJR4ZMV4F2VRUT6P6QRYL4REDJKAVEHTKXKA,23.48059097,699
4XK55NK5I3QQAUELCCEJUSQFUT6ICZC2LAUDK7F2Z3BCAD2USK643FAAGU,22.92292192,700
IDONIGLY5ZZQRPTO4DL4W243GHXWLNQSAOK6Q4FR6ZA3GSHXBXB56QY5RY,22.0398786,701
3SM7RD3JMRDCF77UV5IELGQVXIHNXPQTPLJWUCMTH4PIFZKMOGOWTKDD7E,21.78470295,702
7N2K7U5Z2Y726HPPUI3WRGJ2SLERKOK5DANONJDFQGMEOWMVAH2UUA5JFE,21.51286115,703
XZWFDOG7QZYEF6CK3ZXD6V7RE5I5A7NWZ724ZFDKKUVBH2TS2VCPWJNESA,21.36405374,704
BHOCOKWPROATB5XHTWWTRRBNQ35ABA3VGFJH4CT5YLD7E2ZUFMBJZ6IIU4,21.33412542,705
X764KJWDLLAH472F4BVGCTL6WVYHQC3ZAAC24JWTH334RV6EAYIXMXMCYU,20.87862443,706
BNWUYYHPL5TU5TZRY4AOWXKUH4NBTKILXPVOOMUUNY3YQERIUW7G5DMOW4,20.342454,707
YI5G44DY4WN4WNLXB3CZOSB3D5HGD5VII7CB6EFQXC5J7AY72LDRV3433Q,19.48482409,708
T3HS6NLN7ST2IYQGFQMYLXXFJXN2PK6HQEH3IWKN5WALFIW6IV27KJ3GRM,19.48264944,709
UQLQUIJQY4232WDHHATZODE4XNVCHMTAXZO5Q6UDYIPVU4CLKSYNWTJA5U,18.77182065,710
FTT23MFPRLQ3COTKGCYGVZZFTDC4SRBAHLZXRJOLEVMPSVEQAYW6ZGKV2A,18.60770188,711
KZPONVT4X7BBSNS3AXRR3N62JHS2EQPEQM5O2AIATHMKXHTSK34DORKDA4,18.5890013,712
7VD7O7MS46BTKGDHKVKHT6SO2HHZNID4OLHRLIKYOSK6EV4IJ4KAA7N64E,18.26698942,713
KC4UGZY5QNMAXWACPXEMYZ6EY7DSVHF2GPFENSTNPSM5QA5CBVS4UV4UEU,17.58688018,714
C2C7BPHGYXSQHV2N7LRJXIMJTIWFA3M6BDQF7WQA4TYQ5M5MKLBG4V7ZPE,17.5628861,715
BS3AF5G7LACQ53L35HWMCZPGNTIQG2VVUVCGYU4UGKM7UEOOGXEXAZ2DLM,17.333543390000003,716
BH44M7FBHO5HH2OD3ZZQ2TD3AULIOWICICXRTKI3SVFF2DX3CMJVZNW3SY,16.13726133,717
FDUAOMX5MQKQ7V6JX5KL5BQPCD74CSNQFCMGLQ6OZYASKVL6FN3EFFVEOI,15.7826201,718
4PV7DKD7BOHHKYWC4GYKUJXIYLMBGREUX2JL7E3QHPAZBAVJZ4TNAOLHIU,15.43129304,719
NZZVQJ7FEVN6D6UAXCAHEDHS7OX7FRSUCFFWB6J6LFHMESJC5MHL3KD2AE,15.22092968,720
4VP7L3B4W2E53Z4KKVVNNZCZFQIRYWC5ECIUBMSVY6NWYQXR7M42I4L564,15.13339519,721
KCDYIGBZKOQMGR72UVZSMDEN4C2TNVSMRNP2IKCIZHI6UNDGV2Z2HMN7TU,14.73364005,722
LNGOAIE5XH6RX5BDWY6JIBMIASRZVTM4TPA6WUNFJV7VRMMBALR5TPRY7Y,14.09999998,723
N5SQGW3KQINZCCI42JHZHK2LJJBQYZCYVIPREG5UQ7QX6YXVVMCLDVS2ZI,14.09999998,724
6DMFZMT6MLD3GFJHGQU5DE3N4SRG4Q5FG7DZGVLNUKK477WRBMAD6CUHAU,13.60035858,725
D6JD22ECGPFDHPACLSDWDIVYRZW242HUOO7E2WX4FHGXGGJ5WQCC64NIGI,12.60001574,726
D5AYPEVY65B4C7VYVGV5E4GGDDAORM5A55MAGXSUBKBR6HLQSGG3QQERVQ,12.07253597,727
PFDWZUB3C5BO3RHI6GYDKMTEYAJOY43XEE2IDUJHPM4U7TATLI2FGMO7YY,12.03315998,728
BSF3OZ6ANP7B73SHUIC2GOGKP3XZT5YYKVPFEHFCLSHE6KTLSTXGS46BHU,12.0023566,729
MRNU7YKRSXPRCODHIENS5BDPWD2A2UKS7BWWGNZUNK6AFEMVNLQQFAAQZM,10.93165622,730
GIKSR7Q33KWJWUFOYAIEBHRAMLHKDX5SNY7KKIBBODSFC45X6WJ4CPXZLY,10.86419999,731
UVAMLQIPMV5GVKBSCLKNQ7VL6NG7XO6SZEVOGEJS7T34LGZFPTE7HU7EZA,10.192618,732
VK2BDV7B4HLFOIU6VFR3C4RTEI3MLZWUMPMKT565O5LTV6DRJ6PHT3QAP4,9.80634368,733
SJDD2T63AKNOXVBBATNUFSGWPUWZL7Q2NE6J6STGGLM6SWNQBBR4Z36TQA,9.6,734
MXZ6PDPZDAV5NHBORZYJ4V52NDOKUSMP2X5BCQJTROLLXQLUZXWPZP6IQI,9.3096178,735
HYXODJ6HVGZ2C6GOSDMCYMF4762KS5NWGJVCSE2CD6C5US2OCW2OMGWKOU,9.24226963,736
TPYKJEQTLOIDR6YC2W35JDI62UWUG4UN5SOY7DRUWPN3UD6TYG2F4J6YOA,8.91537981,737
VNQYQHTAN4Z2TBT22E7W3A6SCYQW7ZN5TPYGFE3FLYF7OIROQFVEPBULD4,8.87030437,738
UEOKBPAEHWVROHHWVVHK4KBPLRXQLWI7ULEL7GYXSWQYG3VJ4IGCQO7U74,7.24213639,739
D7CRQBNHDSA4WIADZPZ2Z34B4B3MRS5FAJRIE7VOFYG3OFAEYFIUOJV5YQ,7.22963765,740
DZ4IC6AHG4HSVQVSXO6B4AAGIXTUJOII7KA6K2O7CR4XYUTVKM7YVKQ2HU,7.05029999,741
YQ2HIMCM2M6ZPBUNCLHB2K2V6BWAVG3O7GMLI6UJ7CLF66N34EX5V635WQ,7.05,742
Z6OTVYLCW75NLV4I6EG7IPESHKFTELDFGMHFAF5Z34CL56CWK2QWO44TXI,7.05,743
VQLRSSRMTYAD7LBI72LJCDTLGLIYHS3BFF5L3B3I2ED3EEQOLFI3ZPT2BI,7.05,744
MQPKRBHVSTV6IR7T5JGYDDLV7WUM7SQS5XWWJW34UI4FDLM6GAE5K74IVM,7.05,745
JFUWMRYCRLSICLUFLD2GVCSZABZB6XGD2EDGB6VAHURNVQTWK7SQL6GXAE,7.05,746
JTN3QXSCBQBIJA43LLA7VFEHYQQUNSI6BXLSI5NIHX5WGDYDBUB6VDGXU4,7.04999999,747
QOYGXSM32GIEBJDGW3C7BKTLEBVWZLX2UNYTIN6BUAMNA4RKAFBVLQTRUM,7.04999999,748
425ETY7XMNNZAFTWTZNMC2VVJKVNDR6ZQ43FQGYGVZ3C34IAN3AJEISVQA,7.04999999,749
7YVKD3BZEHYSMMG2ZHUT45EMJWPFUFZEFD2PA7TJWUDQWFHUECT3G7D6DA,7.04999999,750
Q6KV5RLBXAIOGDXP4AVD6JCIDSKXMPVBIYJQ2CRH6DZ5KGWVOLACNUDH44,7.04999999,751
AIK2GXC3J2SSMOQ5A7S2TTWNUG7JWZ4WMTNKLXFHEO54EAVDJMT3HYWW74,7.04999999,752
A75PIPJNBWL25HL4LQ2ORJSKMEKAOEMLQFWSQJ6LAO23S7LNJ53PJBGLFU,6.51145543,753
2MUBOPVXEFO42BNVW2MVJ3P2C4C6WHFOUS3PM2JXB2AQKFSEIT6L5JUVNQ,6.3126842,754
SUL3Q6L6A34OK5TA2NGRRDJ7OM5ZILGDXZSQJDCS47SQMCZ3TOUNFI3ZPI,6.04736572,755
AE2HBQFHG7WIOUKC4QNVMFBVUYTP7PPIIR75FSIE27F36DB2QO4XE5LHVY,5.99401456,756
P4N54ISWBMPHUDYCSHZXMN6OAYQGDYE5N3ANCHGW22K2K6764ZYKUDLO4Q,5.73,757
T3H2YNDJMFGSTUS7AHXEDZQEQZF5NWVQ2IFZF3FZNH7FNPUFVXK4NDKG2M,5.63731172,758
3E5LZVAFI2VIRZAV776PH22EUQUCMW4GVHMN33LWIKFF7KVNUSALYPJM3Y,4.77022272,759
7EISH72TGOIOMBHON3G5LE3HIZYORQL5R3KLKPI22YRGLW44JUW4UDNFGA,4.42399304,760
W7V5K5AF3Q73E5D345TKUFGFGYUZ6TLKVYK5EHDXIBWELE3ORAHXM3LUYU,3.7859662,761
FQE4ZOWDISOQMX3XZMANQ23ZGY4YAOEIHSAFK33R7R4UUU5UNKK7NLVJLA,3.69120896,762
D4VAUDZH6DI53I7R4N4CSENNXL5QWOOYQJG4ITOZLAW6NSNO6SAOXWQVD4,3.27341691,763
ORE7KDUZOW7ORM63CT6FMMUK3AO4H3JK24EAT4AWYJCESRNBTLPQSPECN4,2.40864681,764
5LIAUP624NZONRXFO5J4MQGIWM3RBGL5WCBV2SUPFJKIAP3RD42L2UTHWE,2.34485711,765
NGNIG3RKJSAUZO3E3VDE74ADPBH5BYWTC76BVQ72ZMFTFR744RA7W3S77M,1.98146081,766
HUMWI56SW6L5GOD5V47Q2SLF3NNFQ7GLL4COTPPAWCKEGM57IFPDQUQGDY,1.552111,767
MKGELCNOV23RHCJYJQ3CULH5NUOYWF54LCGZNMTSG4BEXLXQL3YITWPSCI,0.96765121,768
57ZWWGD7T7MJHII7AMCD3X6LNKHV4VNG2MQTJMLXDVGXX3UWKZOU4VB4ZM,0.90693909,769
OESIL7YL3DXP7TSHMIJKIYHJXJFS45TWCN4BNF7PYTATKKOXVXZN4SALTM,0.82648335,770
NOLXAGDW6KLLX3GRIVGU72HPHW7WWUN2VE7GUZOLYKEG7FGM6FENVFFEXQ,0.66499997,771
ELEE43DULOAMBQSDLZKBAF7IKGB2CDX3JCZFZK73PCYP5BXNVJ6TCAAG34,0.59931091,772
HXOKZZVTO2FVMNIS3AGVCGHQ2IZAVC7ZXY5NNQ4D7XZBOOM5RUQY27XPDI,0.57996375,773
ANA6GIVNZ2YO25XBSY6PY3EDH4HT4WVNJ6A3QILDXCJO5XTXIL6MRPAXLU,0.55281111,774
XS3SLECQDWSQHWRRGIUEL3HF6KSAAGK72Q43H5AWQONZMDUPBL5REBKOGY,0.42816261,775
UEQL4VO7HZYYDQKSI5NS2QCUY7UTG4PGIO2QFB7GEXQ3MIE236D4JN4AJY,0.42755289,776
2RFIIV4YDLNYERMMB6I3SEDWW24TX4A23BFXFAX2BEMH2VGDTZNKANFSZQ,0.30000753,777
PWBDWVGJ32BVYIY3VEB466OR7H3CIBVUINZP7O2VSCU5ERYBOSQBJ3VH2Y,0.12102964,778
SB6VSY5MKY24ZLORBKEWVEYW5BRGZPILNOSRMCBX7EA6M3NOAT4CH7QHEI,0.1146,779
TYVJYHGPF5ICQOFYYG6AQU32XNQDOG46VMRHHTSP7324BKX34Z2YC3LMUI,0.10799596,780
VSBDWWEAMX55ZNKAJPVD32JCORQWABERELKYHI5X5EMVBVPJTH5J2UHLC4,0.02,781
